Rk,Player,Age,Team,Pos,G,GS,MP,FG,FGA,FG%,3P,3PA,3P%,2P,2PA,2P%,eFG%,FT,FTA,FT%,ORB,DRB,TRB,AST,STL,BLK,TOV,PF,PTS,ORtg,DRtg,Awards,Player-additional
1,Mikal Bridges,26,2TM,SG,83,83,2963,9.8,20.9,0.468,2.8,7.3,0.382,7,13.6,0.514,0.535,5.2,5.8,0.895,1.3,4.7,6,4.5,1.5,1,2.1,2.6,27.6,118,115,,bridgmi01
2,Mikal Bridges,26,PHO,SF,56,56,2040,8.5,18.3,0.463,2.4,6.3,0.387,6.1,12.1,0.503,0.529,3.7,4.2,0.897,1.3,4.5,5.8,4.8,1.6,1.1,1.9,2.8,23.1,118,114,,bridgmi01
3,Mikal Bridges,26,BRK,SG,27,27,923,12.6,26.6,0.475,3.6,9.6,0.376,9,17,0.531,0.543,8.5,9.5,0.894,1.2,5.2,6.4,3.8,1.4,0.8,2.6,2.3,37.3,117,116,,bridgmi01
4,Anthony Edwards,21,MIN,SG,79,79,2842,11.8,25.8,0.459,3.6,9.7,0.369,8.3,16.1,0.513,0.528,5.3,7.1,0.756,0.8,6.9,7.7,5.9,2.1,1,4.3,3.1,32.5,106,113,AS,edwaran01
5,Zach LaVine,27,CHI,SG,77,77,2768,11.8,24.4,0.485,3.6,9.6,0.375,8.3,14.9,0.556,0.558,6.4,7.5,0.848,0.7,5.3,6.1,5.8,1.2,0.3,3.4,2.8,33.7,116,115,,lavinza01
6,Nikola Vučević,32,CHI,C,82,82,2746,10.6,20.4,0.52,2.1,6.2,0.349,8.4,14.2,0.594,0.573,2.3,2.8,0.835,2.8,13.2,16,4.7,1.1,1,2.5,3.2,25.7,117,110,,vucevni01
7,Julius Randle,28,NYK,PF,77,77,2737,11.9,25.9,0.459,3.9,11.5,0.343,7.9,14.4,0.553,0.536,7.3,9.6,0.757,2.5,11.3,13.9,5.7,0.9,0.4,3.9,4.2,35,117,114,CPOY-14ASNBA3,randlju01
8,Domantas Sabonis,26,SAC,C,79,79,2736,10.1,16.4,0.615,0.5,1.5,0.373,9.5,15,0.639,0.632,5.7,7.7,0.742,4.4,12.6,17,10,1.1,0.7,4,4.9,26.4,132,114,MVP-7ASNBA3,sabondo01
9,Jayson Tatum,24,BOS,SF,74,74,2732,13,27.8,0.466,4.3,12.2,0.35,8.7,15.6,0.558,0.543,9.5,11.1,0.854,1.4,10.2,11.6,6.1,1.4,0.9,3.8,2.9,39.7,118,110,MVP-4CPOY-10ASNBA1,tatumja01
10,Spencer Dinwiddie,29,2TM,SG,79,79,2725,8.3,19,0.438,3.3,8.9,0.369,5.1,10.2,0.498,0.524,4.9,6,0.812,0.5,4.4,4.9,9.3,1.2,0.4,2.6,3.4,24.8,118,118,,dinwisp01
11,Spencer Dinwiddie,29,DAL,SG,53,53,1808,8.7,19.1,0.455,3.8,9.4,0.405,4.9,9.7,0.504,0.555,4.7,5.7,0.821,0.5,4,4.5,7.7,1.1,0.4,2.5,3.4,25.8,120,119,,dinwisp01
12,Spencer Dinwiddie,29,BRK,PG,26,26,917,7.7,19,0.404,2.3,7.9,0.289,5.4,11,0.488,0.465,5.2,6.5,0.797,0.5,5.2,5.7,12.6,1.5,0.4,2.9,3.4,22.8,115,116,,dinwisp01
13,Evan Mobley,21,CLE,PF,79,79,2715,9.7,17.5,0.554,0.4,1.9,0.216,9.3,15.6,0.595,0.566,3.8,5.6,0.674,3.5,9.7,13.1,4.1,1.1,2.2,2.7,4,23.6,117,108,DPOY-3,mobleev01
14,Dejounte Murray,26,ATL,SG,74,74,2693,10.8,23.3,0.464,2.4,6.9,0.344,8.5,16.5,0.514,0.514,2.8,3.4,0.832,0.9,5.9,6.9,7.9,2,0.3,2.8,1.9,26.8,112,116,,murrade01
15,DeMar DeRozan,33,CHI,SF,74,74,2682,11.9,23.7,0.504,0.8,2.6,0.324,11.1,21.1,0.526,0.522,8.3,9.5,0.872,0.6,5.6,6.2,6.8,1.5,0.7,2.8,3.4,33,119,113,CPOY-3AS,derozde01
16,Scottie Barnes,21,TOR,SF,77,76,2678,8.5,18.8,0.456,1.2,4.1,0.281,7.4,14.6,0.505,0.487,3.5,4.5,0.772,3.3,6.1,9.5,6.8,1.5,1.1,2.8,3.1,21.8,113,115,,barnesc01
17,Harrison Barnes,30,SAC,PF,82,82,2662,6.7,14.2,0.473,2.4,6.3,0.374,4.3,7.9,0.553,0.556,6.3,7.4,0.847,1.6,5,6.6,2.3,1,0.2,1.5,1.9,22.1,126,119,,barneha02
18,Pascal Siakam,28,TOR,PF,71,71,2652,11.7,24.5,0.48,1.7,5.4,0.324,10,19.1,0.523,0.515,6.8,8.8,0.774,2.4,7.9,10.4,7.7,1.2,0.7,3.2,4.3,32.1,118,115,AS,siakapa01
19,CJ McCollum,31,NOP,PG,75,75,2649,10.7,24.6,0.437,3.9,9.9,0.389,6.9,14.7,0.469,0.515,3.3,4.4,0.769,1,5,6,7.8,1.3,0.7,3.3,2.8,28.7,110,115,,mccolcj01
20,Franz Wagner,21,ORL,SF,80,80,2609,10,20.7,0.485,2.4,6.7,0.361,7.6,14,0.544,0.543,5,6,0.842,1.3,4.8,6.1,5.2,1.4,0.3,3.1,3.4,27.5,115,116,,wagnefr01
21,Jalen Green,20,HOU,SG,76,76,2602,10.5,25.3,0.416,3.5,10.3,0.338,7.1,15,0.471,0.485,6.8,8.6,0.786,0.8,4.5,5.3,5.2,1.1,0.3,3.7,2.4,31.4,109,122,,greenja05
22,Bam Adebayo,25,MIA,C,75,75,2598,11.6,21.4,0.54,0,0.2,0.083,11.5,21.2,0.545,0.541,6.2,7.7,0.806,3.5,9.7,13.2,4.6,1.7,1.2,3.6,4,29.3,115,111,DPOY-5AS,adebaba01
23,Trae Young,24,ATL,PG,73,73,2541,11.2,26.1,0.429,2.9,8.6,0.335,8.3,17.4,0.476,0.485,10.6,12,0.886,1.1,3,4.1,13.9,1.5,0.2,5.6,2,35.9,116,119,,youngtr01
24,Fred VanVleet,28,TOR,PG,69,69,2535,8.5,21.7,0.393,4,11.8,0.342,4.5,9.9,0.455,0.486,5,5.5,0.898,0.6,4.9,5.5,9.7,2.4,0.7,2.7,3.8,26,117,114,,vanvlfr01
25,Buddy Hield,30,IND,SF,80,73,2482,9.1,19.9,0.458,5.5,12.9,0.425,3.6,6.9,0.518,0.596,2,2.5,0.822,1.3,6.4,7.7,4.3,1.8,0.5,2.7,3,25.7,115,118,,hieldbu01
26,RJ Barrett,22,NYK,SG,73,73,2475,10.2,23.5,0.434,2.4,7.8,0.31,7.8,15.7,0.495,0.485,5.8,7.8,0.74,1.2,6.2,7.3,4,0.6,0.3,3.3,3.6,28.6,107,118,,barrerj01
27,Jordan Poole,23,GSW,PG,82,43,2458,10.6,24.6,0.43,4.1,12.2,0.336,6.5,12.3,0.524,0.514,6.9,8,0.87,0.6,3.7,4.3,7.1,1.2,0.4,4.8,4.1,32.2,109,117,,poolejo01
28,Josh Hart,27,2TM,SF,76,52,2454,5.5,10.4,0.529,1.2,3.3,0.372,4.3,7.1,0.601,0.588,2.6,3.5,0.75,2.8,9,11.8,5.8,1.8,0.4,2.3,3.9,14.8,125,116,,hartjo01
29,Josh Hart,27,POR,SF,51,51,1704,5.2,10.4,0.504,1,3.2,0.304,4.3,7.2,0.594,0.551,2.5,3.4,0.731,2.7,9.2,11.9,5.7,1.5,0.3,2.3,3.8,13.9,121,118,,hartjo01
30,Josh Hart,27,NYK,SF,25,1,750,6.1,10.3,0.586,1.8,3.4,0.519,4.3,6.9,0.619,0.672,3,3.8,0.789,3.1,8.5,11.6,5.9,2.2,0.8,2.5,4.1,16.9,136,112,,hartjo01
31,Jabari Smith Jr.,19,HOU,PF,79,79,2451,7.2,17.6,0.408,2.4,7.7,0.307,4.8,9.9,0.487,0.475,3.2,4.1,0.786,2.4,8.8,11.3,2,0.9,1.5,2.1,4.5,20,108,119,,smithja05
32,Trey Murphy III,22,NOP,SF,79,65,2448,7.7,15.8,0.484,4,9.8,0.406,3.7,6,0.611,0.61,3.4,3.8,0.905,1.2,4.4,5.6,2.2,1.8,0.9,1.2,3.1,22.7,128,114,,murphtr02
33,Darius Garland,23,CLE,PG,69,69,2447,10.7,23.1,0.462,3.5,8.4,0.41,7.2,14.7,0.492,0.537,5.7,6.6,0.863,0.6,3.2,3.8,11,1.7,0.2,4.1,3,30.5,118,113,,garlada01
34,Tobias Harris,30,PHI,SF,74,74,2436,8.6,17.2,0.501,2.6,6.6,0.389,6,10.6,0.57,0.575,2.3,2.6,0.876,1.4,7.3,8.6,3.8,1.4,0.8,1.8,3,22.1,118,114,,harrito02
35,De'Aaron Fox,25,SAC,PG,73,73,2435,13.4,26.2,0.512,2.3,7.2,0.324,11.1,18.9,0.584,0.557,6.7,8.6,0.78,0.8,5.2,6,8.8,1.6,0.5,3.6,3.4,35.9,119,117,MVP-11CPOY-1ASNBA3,foxde01
36,Donovan Mitchell,26,CLE,SG,68,68,2432,14,28.9,0.484,5.1,13.1,0.386,9,15.8,0.566,0.572,6.6,7.6,0.867,1.3,4.7,6,6.2,2,0.6,3.7,3.5,39.6,118,111,MVP-6CPOY-6ASNBA2,mitchdo01
37,Paolo Banchero,20,ORL,PF,72,72,2430,9.5,22.3,0.427,1.7,5.7,0.298,7.8,16.6,0.471,0.465,7.8,10.6,0.738,1.7,8.2,9.9,5.4,1.2,0.8,4,3.2,28.6,105,114,ROY-1,banchpa01
38,Jaden McDaniels,22,MIN,SF,79,79,2416,7.3,14.1,0.517,2.1,5.3,0.398,5.2,8.8,0.588,0.591,2.1,2.8,0.736,1.8,4.2,6,2.9,1.5,1.5,2.2,5.3,18.7,115,115,,mcdanja02
39,Shai Gilgeous-Alexander,24,OKC,PG,68,68,2416,13.8,27.2,0.51,1.1,3.3,0.345,12.7,23.8,0.533,0.531,13.2,14.5,0.905,1.2,5.3,6.5,7.3,2.2,1.3,3.8,3.8,42,125,113,MVP-5CPOY-7ASNBA1,gilgesh01
40,Royce O'Neale,29,BRK,SF,76,53,2409,4.6,12,0.386,3.3,8.5,0.389,1.3,3.5,0.379,0.524,1,1.4,0.725,1.1,6.7,7.8,5.7,1.3,1,2.3,4.8,13.6,108,115,,onealro01
41,Jaylen Brown,26,BOS,SF,67,67,2405,13.8,28,0.491,3.3,9.9,0.335,10.5,18.2,0.576,0.55,5.3,7,0.765,1.6,7.7,9.3,4.7,1.5,0.5,4,3.5,36.2,110,111,ASNBA2,brownja02
42,Luka Dončić,23,DAL,PG,66,66,2391,14.9,30.1,0.496,3.8,11.2,0.342,11.1,18.9,0.588,0.56,10.7,14.4,0.742,1.1,10.7,11.8,11,1.9,0.7,4.9,3.5,44.4,120,113,MVP-8CPOY-8ASNBA1,doncilu01
43,OG Anunoby,25,TOR,SF,67,67,2386,8.7,18.3,0.476,2.9,7.6,0.387,5.8,10.7,0.539,0.556,2.9,3.5,0.838,2,4.9,6.9,2.7,2.7,1,2.7,4.1,23.3,113,113,DPOY-7,anunoog01
44,Keegan Murray,22,SAC,SF,80,78,2382,7.1,15.7,0.453,4.1,10.1,0.411,3,5.6,0.527,0.584,1.2,1.6,0.765,1.8,5.7,7.5,2,1.2,0.8,1.2,3.3,19.6,119,117,ROY-5,murrake02
45,Kentavious Caldwell-Pope,29,DEN,SG,76,76,2381,6,13,0.462,2.8,6.6,0.423,3.2,6.4,0.502,0.569,2.1,2.6,0.824,0.7,3.6,4.3,3.8,2.3,0.7,1.8,3,16.9,117,115,,caldwke01
46,P.J. Washington,24,CHO,PF,73,73,2380,8.7,19.6,0.444,3,8.6,0.348,5.7,11,0.518,0.52,2.5,3.5,0.73,1.5,5.7,7.2,3.5,1.3,1.6,2.2,3.9,22.9,107,116,,washipj01
47,Jalen Brunson,26,NYK,PG,68,68,2379,12.2,24.8,0.491,2.8,6.7,0.416,9.4,18.1,0.519,0.547,6.8,8.1,0.829,0.8,4.2,5,8.7,1.3,0.3,3,3.2,33.9,125,117,MVP-12CPOY-4,brunsja01
48,Brook Lopez,34,MIL,C,78,78,2373,9.6,18.1,0.531,2.7,7.3,0.374,6.9,10.8,0.637,0.606,3,3.8,0.784,3.2,7.3,10.5,2,0.7,3.9,2.2,4.1,24.9,122,109,DPOY-2,lopezbr01
49,Josh Giddey,20,OKC,PF,76,76,2367,10.8,22.4,0.482,1.5,4.7,0.325,9.3,17.7,0.524,0.516,2.1,2.9,0.731,3,9.1,12,9.4,1.1,0.6,4.2,2.9,25.3,109,114,,giddejo01
50,Reggie Bullock,31,DAL,SF,78,55,2364,4,9.9,0.409,3.2,8.3,0.38,0.9,1.5,0.562,0.569,0.5,0.8,0.703,0.7,5.3,6,2.3,1.1,0.3,0.8,3.5,11.8,116,119,,bullore01
51,Immanuel Quickley,23,NYK,SG,81,21,2344,8.8,19.7,0.448,3.5,9.6,0.37,5.3,10.2,0.521,0.537,4.3,5.2,0.819,1.2,5.9,7.1,5.9,1.7,0.3,2.1,3.5,25.5,122,115,6MOY-2,quickim01
52,Tyler Herro,23,MIA,SG,67,67,2337,10.4,23.7,0.439,4.3,11.5,0.378,6.1,12.2,0.497,0.531,3.6,3.9,0.934,0.6,7.1,7.7,6,1.1,0.3,3.4,2.2,28.7,109,115,,herroty01
53,Patrick Williams,21,CHI,PF,82,65,2323,6.6,14.2,0.464,2.4,5.8,0.415,4.2,8.4,0.498,0.549,1.9,2.2,0.857,1.6,5.2,6.9,2.1,1.5,1.5,2.1,3.1,17.5,108,113,,willipa01
54,Nikola Jokić,27,DEN,C,69,69,2323,13.6,21.5,0.632,1.2,3.1,0.383,12.4,18.4,0.675,0.66,7.2,8.7,0.822,3.5,13.7,17.2,14.3,1.8,1,5.2,3.7,35.6,134,110,MVP-2CPOY-13ASNBA2,jokicni01
55,Derrick White,28,BOS,SG,82,70,2319,7.4,15.9,0.462,3.1,8.2,0.381,4.2,7.7,0.548,0.56,3.5,4,0.875,1.1,5.1,6.2,6.7,1.1,1.6,2,3.7,21.4,124,112,,whitede01
56,Jaden Ivey,20,DET,SG,74,73,2304,8.6,20.7,0.416,2.5,7.4,0.343,6.1,13.3,0.457,0.477,5.6,7.5,0.747,1.5,4.5,6.1,8.1,1.3,0.4,5,5.1,25.3,103,121,ROY-6,iveyja01
57,D'Angelo Russell,26,2TM,PG,71,71,2304,9.2,19.5,0.469,4,10.1,0.396,5.2,9.4,0.548,0.572,3.7,4.5,0.829,0.7,3.7,4.4,9,1.4,0.6,3.8,2.9,26,116,116,,russeda01
58,D'Angelo Russell,26,MIN,PG,54,54,1778,9,19.4,0.465,4,10.1,0.391,5.1,9.3,0.546,0.567,3.8,4.5,0.856,0.7,3.7,4.4,8.9,1.6,0.6,3.9,3.1,25.8,115,116,,russeda01
59,D'Angelo Russell,26,LAL,PG,17,17,526,9.6,19.9,0.484,4.1,10,0.414,5.5,9.9,0.555,0.588,3.2,4.4,0.735,0.6,3.9,4.5,9.3,0.9,0.7,3.5,2.1,26.7,118,117,,russeda01
60,Draymond Green,32,GSW,PF,73,73,2297,5.1,9.7,0.527,0.8,2.7,0.305,4.3,7.1,0.612,0.57,1.6,2.2,0.713,1.4,9.4,10.8,10.3,1.5,1.2,4.2,4.7,12.7,114,112,DPOY-4,greendr01
61,KJ Martin,22,HOU,SF,82,49,2292,8.7,15.2,0.569,1.4,4.6,0.315,7.2,10.7,0.679,0.617,3.2,4.7,0.68,2.7,6.9,9.6,2.6,0.9,0.6,1.9,3.1,22,126,121,,martike04
62,Joel Embiid,28,PHI,C,66,66,2284,15.8,28.8,0.548,1.4,4.3,0.33,14.4,24.5,0.587,0.573,14.3,16.7,0.857,2.5,12.1,14.5,5.9,1.4,2.4,4.9,4.4,47.4,124,109,MVP-1DPOY-9CPOY-5ASNBA1,embiijo01
63,Bruce Brown,26,DEN,SF,80,31,2280,7.7,15.9,0.483,2,5.4,0.358,5.7,10.4,0.548,0.545,2.5,3.3,0.758,1.4,5.7,7,5.7,1.9,1.1,2.6,4.1,19.8,113,114,,brownbr01
64,Klay Thompson,32,GSW,SF,69,69,2279,11.3,25.9,0.436,6.2,15.1,0.412,5.1,10.8,0.47,0.556,2.4,2.7,0.879,0.8,5.1,5.9,3.4,1,0.6,2.5,2.7,31.3,110,117,,thompkl01
65,Jalen Williams,21,OKC,SG,75,62,2276,8.6,16.6,0.521,1.5,4.3,0.356,7.1,12.3,0.579,0.567,3.2,4,0.812,1.8,5.3,7,5.2,2.1,0.7,2.6,4,22,118,114,ROY-2,willija06
66,Lauri Markkanen,25,UTA,PF,66,66,2273,12,24.1,0.499,4.2,10.7,0.391,7.8,13.3,0.585,0.586,7.3,8.4,0.875,2.7,9.2,12,2.6,0.9,0.8,2.7,2.9,35.5,125,116,MIP-1AS,markkla01
67,Max Strus,26,MIA,SF,80,33,2272,7.1,17.3,0.41,4.3,12.4,0.35,2.8,5,0.559,0.535,1.7,2,0.876,1.1,4.6,5.7,3.8,0.9,0.3,1.5,3.6,20.3,113,117,,strusma01
68,Luguentz Dort,23,OKC,SF,74,73,2272,7.1,18.3,0.388,2.8,8.6,0.33,4.3,9.7,0.44,0.466,4.2,5.4,0.772,2.7,4.5,7.2,3.2,1.6,0.5,1.9,5.1,21.2,109,116,,dortlu01
69,Nic Claxton,23,BRK,C,76,76,2271,8.9,12.6,0.705,0,0,0,8.9,12.6,0.708,0.705,2.9,5.3,0.541,4,11.1,15.1,3.1,1.4,4.1,2.1,4.6,20.7,132,108,DPOY-9,claxtni01
70,Jerami Grant,28,POR,PF,63,63,2246,9.4,19.8,0.475,3.1,7.8,0.401,6.3,12,0.523,0.554,6,7.4,0.813,1.1,5,6.1,3.3,1.1,1.1,2.5,3.3,28,117,120,,grantje01
71,Kyrie Irving,30,2TM,SG,60,60,2241,13,26.4,0.494,4.1,10.9,0.379,8.9,15.5,0.574,0.572,5.4,6,0.905,1.3,5.4,6.7,7.3,1.4,1,2.8,3.6,35.6,121,116,CPOY-12AS,irvinky01
72,Kyrie Irving,30,BRK,PG,40,40,1478,13.1,27.1,0.486,4.3,11.5,0.374,8.9,15.6,0.569,0.565,5.2,5.9,0.883,1.3,5.5,6.7,7,1.4,1.1,3,3.6,35.8,118,115,,irvinky01
73,Kyrie Irving,30,DAL,SG,20,20,763,12.8,25,0.51,3.8,9.6,0.392,9,15.4,0.585,0.586,5.8,6.1,0.947,1.4,5.1,6.5,7.8,1.6,0.8,2.4,3.6,35.1,127,117,,irvinky01
74,Kyle Kuzma,27,WAS,PF,64,64,2239,11.1,24.8,0.448,3.5,10.5,0.333,7.7,14.4,0.533,0.518,3.8,5.2,0.73,1.2,8.9,10.1,5.2,0.8,0.6,4.1,3.2,29.5,103,117,,kuzmaky01
75,Caris LeVert,28,CLE,SG,74,30,2237,7.2,16.6,0.431,2.8,7.3,0.392,4.3,9.4,0.462,0.517,2.9,4,0.722,1.2,5.1,6.3,6.4,1.6,0.5,2.6,3.8,20.1,111,112,,leverca01
76,Bennedict Mathurin,20,IND,SG,78,17,2222,8.8,20.3,0.434,2.1,6.6,0.323,6.7,13.7,0.488,0.487,8,9.7,0.828,1.9,4.9,6.8,2.5,1,0.3,3.2,3.5,27.8,109,121,ROY-46MOY-8,mathube01
77,Terry Rozier,28,CHO,SG,63,63,2221,10.6,25.5,0.415,3.5,10.8,0.327,7,14.6,0.48,0.484,3.8,4.7,0.809,1.1,4.5,5.6,6.8,1.6,0.3,2.9,2.6,28.5,106,117,,roziete01
78,Jarrett Allen,24,CLE,C,68,68,2220,9.1,14.1,0.644,0,0.2,0.1,9.1,13.9,0.653,0.645,3.7,5,0.733,5,10.1,15,2.6,1.2,1.9,2.1,3.5,21.9,132,108,,allenja01
79,Dillon Brooks,27,MEM,SF,73,73,2214,8.4,21.3,0.396,3.1,9.4,0.326,5.3,11.8,0.451,0.468,2.6,3.3,0.779,1,4.3,5.2,4.1,1.4,0.3,2.2,5.1,22.5,102,114,,brookdi01
80,Kevin Huerter,24,SAC,SG,75,75,2203,9.1,18.8,0.485,4.5,11.1,0.402,4.7,7.7,0.604,0.603,2.1,2.8,0.725,0.9,4.5,5.5,4.8,1.7,0.5,2.1,3.9,24.8,119,117,,huertke01
81,Jrue Holiday,32,MIL,PG,67,65,2183,10.7,22.4,0.479,3.5,9,0.384,7.3,13.4,0.542,0.556,3.3,3.9,0.859,1.7,5.7,7.5,10.8,1.7,0.5,4.3,2.5,28.2,118,112,DPOY-7AS,holidjr01
82,Alperen Şengün,20,HOU,C,75,72,2171,9.9,17.8,0.553,0.4,1.3,0.333,9.4,16.6,0.57,0.565,4.6,6.4,0.715,5.4,9.7,15.1,6.5,1.6,1.6,4.3,5.8,24.8,118,117,,sengual01
83,Anfernee Simons,23,POR,SG,62,62,2171,10.5,23.4,0.447,4.8,12.6,0.377,5.7,10.8,0.528,0.548,3.6,4,0.894,0.4,3.2,3.6,5.7,0.9,0.3,2.9,3.2,29.3,113,123,,simonan01
84,Ivica Zubac,25,LAC,C,76,76,2170,7.4,11.6,0.634,0,0,0,7.4,11.6,0.637,0.634,3.7,5.4,0.697,5.3,11.7,17.1,1.7,0.7,2.2,2.6,4.9,18.5,125,112,,zubaciv01
85,Killian Hayes,21,DET,PG,76,56,2154,6.9,18.3,0.377,1.8,6.4,0.28,5.1,11.9,0.429,0.426,2.1,2.5,0.821,0.6,4.3,5,10.6,2.3,0.6,3.9,4.9,17.7,98,118,,hayeski01
86,Tim Hardaway Jr.,30,DAL,SF,71,45,2152,7.9,19.6,0.401,4.9,12.7,0.385,3,6.9,0.431,0.527,2.9,3.8,0.77,0.5,5.3,5.8,3,1.1,0.3,1.4,2.8,23.5,110,119,,hardati02
87,De'Anthony Melton,24,PHI,SG,77,58,2150,6.4,15,0.425,3.6,9.3,0.39,2.8,5.7,0.484,0.546,1.6,2,0.793,1.6,5.6,7.2,4.5,2.9,0.9,2.4,4.4,18,111,111,,meltode01
88,Rudy Gobert,30,MIN,C,70,70,2148,8,12.1,0.659,0,0.1,0,8,12,0.663,0.659,4.8,7.5,0.644,5.1,12.9,18,1.9,1.2,2.1,2.7,4.6,20.8,127,109,,goberru01
89,Jimmy Butler,33,MIA,PF,64,64,2138,11.2,20.7,0.539,0.8,2.4,0.35,10.3,18.3,0.564,0.56,11,12.9,0.85,3.3,5.5,8.7,7.9,2.7,0.5,2.4,1.9,34.2,135,112,MVP-10DPOY-12CPOY-2NBA2,butleji01
90,James Harden,33,PHI,PG,58,58,2135,8.6,19.5,0.441,3.7,9.7,0.385,4.9,9.8,0.495,0.536,7.3,8.4,0.867,0.9,7.3,8.2,14.3,1.6,0.7,4.5,2.6,28.2,123,113,,hardeja01
91,Jamal Murray,25,DEN,PG,65,65,2133,10.8,23.9,0.454,3.9,9.9,0.398,6.9,14,0.494,0.537,4.1,5,0.833,1.1,4.8,5.9,9.2,1.5,0.4,3.3,2.4,29.8,116,116,,murraja01
92,John Collins,25,ATL,PF,71,71,2130,8,15.8,0.508,1.6,5.4,0.292,6.5,10.5,0.619,0.557,3.2,4,0.803,1.7,8.6,10.3,1.9,0.9,1.6,1.8,4.9,20.8,117,115,,collijo01
93,Saddiq Bey,23,2TM,SF,77,37,2129,8,18.9,0.422,3.4,9.5,0.361,4.6,9.5,0.483,0.513,4.6,5.4,0.861,2.2,6,8.2,2.7,1.6,0.3,1.6,2.8,24.1,117,119,,beysa01
94,Saddiq Bey,23,DET,SF,52,30,1500,7.9,19.6,0.404,3.3,9.5,0.345,4.7,10.1,0.46,0.488,5.8,6.8,0.861,1.9,5.9,7.8,2.7,1.6,0.4,1.7,2.8,24.9,115,119,,beysa01
95,Saddiq Bey,23,ATL,SF,25,7,629,8.2,17.4,0.47,3.8,9.5,0.4,4.4,8,0.552,0.578,1.9,2.2,0.862,3,6.1,9.1,2.6,1.5,0.1,1.3,2.8,22.1,124,117,,beysa01
96,De'Andre Hunter,25,ATL,SF,67,67,2126,8.5,18.4,0.461,2.2,6.4,0.35,6.3,12,0.521,0.522,3.8,4.6,0.826,1,5.3,6.4,2.1,0.8,0.4,1.8,4.5,23.1,112,119,,huntede01
97,Russell Westbrook,34,2TM,PG,73,24,2126,9.7,22.3,0.436,2,6.4,0.311,7.7,15.9,0.487,0.481,4.6,7.1,0.656,2,7.5,9.5,12.4,1.7,0.7,5.7,3.6,26.1,104,113,6MOY-9,westbru01
98,Russell Westbrook,34,LAL,PG,52,3,1491,9.7,23.2,0.417,2,6.8,0.296,7.7,16.4,0.467,0.46,5,7.6,0.655,1.9,8.3,10.2,12.4,1.7,0.7,5.8,3.8,26.3,101,113,,westbru01
99,Russell Westbrook,34,LAC,PG,21,21,635,9.9,20.2,0.489,2,5.6,0.356,7.9,14.6,0.54,0.538,3.9,5.9,0.658,2.3,5.6,7.9,12.3,1.8,0.8,5.5,3.2,25.6,111,115,,westbru01
100,Quentin Grimes,22,NYK,SG,71,66,2121,6.6,14,0.468,3.7,9.5,0.386,2.9,4.5,0.641,0.599,1.8,2.3,0.796,1.1,4.2,5.3,3.5,1.1,0.6,1.6,4.1,18.6,125,117,,grimequ01
101,Kristaps Porziņģis,27,WAS,C,65,65,2120,11.6,23.4,0.498,3.1,8.2,0.385,8.5,15.2,0.559,0.565,8.1,9.6,0.851,2.6,9.9,12.5,4,1.3,2.3,3.1,4.5,34.6,121,113,,porzikr01
102,Gary Trent Jr.,24,TOR,SG,66,44,2118,9.5,21.8,0.433,3.9,10.5,0.369,5.6,11.3,0.493,0.522,4,4.8,0.839,0.7,3.3,4,2.5,2.4,0.3,1.3,2.4,26.8,116,116,,trentga02
103,Damian Lillard,32,POR,PG,58,58,2107,12.9,27.8,0.463,5.6,15.2,0.371,7.2,12.6,0.574,0.564,11.8,12.9,0.914,1,5.4,6.4,9.8,1.2,0.4,4.4,2.5,43.1,126,121,CPOY-10ASNBA3,lillada01
104,Ayo Dosunmu,23,CHI,SG,80,51,2098,6.5,13.2,0.493,1.4,4.4,0.312,5.2,8.8,0.583,0.545,1.5,1.9,0.805,1,4.1,5.1,4.8,1.4,0.6,2.3,4.2,16,109,115,,dosunay01
105,Corey Kispert,23,WAS,SF,74,45,2093,6.8,13.6,0.497,3.8,8.9,0.424,3,4.7,0.637,0.637,1.7,2,0.852,0.8,4,4.8,2,0.7,0.2,1.3,2.3,19.1,124,120,,kispeco01
106,Malik Beasley,26,2TM,SG,81,27,2093,8.4,21.3,0.395,5.4,15,0.357,3.1,6.4,0.484,0.52,1.1,1.5,0.769,0.8,5.6,6.4,2.8,1.5,0.2,2,2.4,23.3,105,117,,beaslma01
107,Malik Beasley,26,UTA,SG,55,13,1472,8.6,21.7,0.396,5.5,15.3,0.359,3.1,6.4,0.485,0.522,1.2,1.4,0.841,0.9,5.5,6.4,3,1.4,0.3,1.9,2.4,23.9,107,118,,beaslma01
108,Malik Beasley,26,LAL,SG,26,14,621,8,20.4,0.392,5,14.3,0.353,3,6.2,0.481,0.515,1,1.6,0.619,0.6,6,6.6,2.4,1.6,0.1,2.3,2.4,22.1,99,115,,beaslma01
109,Caleb Martin,27,MIA,SF,71,49,2077,6.1,13.2,0.464,2,5.7,0.356,4.1,7.5,0.545,0.54,2.2,2.7,0.805,2.1,6.1,8.3,2.8,1.7,0.7,1.9,3.5,16.4,113,113,,martica02
110,Andrew Nembhard,23,IND,SG,75,63,2073,6.5,14.7,0.441,2.1,6,0.35,4.4,8.7,0.504,0.512,1.1,1.4,0.79,0.8,3.8,4.6,7.8,1.6,0.3,2.9,4.1,16.2,108,120,,nembhan01
111,Keldon Johnson,23,SAS,SF,63,63,2063,11.5,25.5,0.452,3.1,9.3,0.329,8.4,16.2,0.523,0.512,5.6,7.5,0.749,1.3,6,7.3,4.2,1.1,0.3,3.1,2.9,31.7,108,122,,johnske04
112,Aaron Gordon,27,DEN,PF,68,68,2055,10.2,18.1,0.564,1.4,4.1,0.347,8.8,14,0.628,0.603,4.5,7.5,0.608,3.9,6.7,10.6,4.8,1.3,1.2,2.3,3.1,26.4,124,115,,gordoaa01
113,Mason Plumlee,32,2TM,C,79,60,2054,7.7,11.3,0.68,0,0,,7.7,11.3,0.68,0.68,4.6,7.3,0.636,5.3,11,16.3,5.7,1.1,1.1,2.7,5.1,20,134,114,,plumlma01
114,Mason Plumlee,32,CHO,C,56,56,1597,7.9,11.8,0.669,0,0,,7.9,11.8,0.669,0.669,4.6,7.6,0.605,5.6,10.6,16.1,6.1,1,1,2.6,4.8,20.4,133,114,,plumlma01
115,Mason Plumlee,32,LAC,C,23,4,457,6.9,9.4,0.727,0,0,,6.9,9.4,0.727,0.727,4.7,6.1,0.772,4.5,12.5,17,4.3,1.2,1.3,3.2,6,18.4,136,111,,plumlma01
116,Grant Williams,24,BOS,PF,79,23,2045,5.1,11.3,0.454,2.7,6.9,0.395,2.4,4.4,0.546,0.575,2.2,2.9,0.77,2.1,6.6,8.7,3.1,1,0.7,2,4.6,15.3,118,113,,willigr01
117,Deandre Ayton,24,PHO,C,67,67,2035,12.5,21.3,0.589,0.2,0.6,0.292,12.4,20.7,0.597,0.592,3.7,4.8,0.76,4.1,11.9,16,2.8,0.9,1.3,2.9,4.6,28.9,119,111,,aytonde01
118,Mike Conley,35,2TM,PG,67,66,2029,6.1,14.3,0.428,3.2,8.2,0.385,3,6.1,0.486,0.539,3.3,4,0.834,0.8,3.5,4.3,10.6,1.7,0.3,2.4,3.3,18.7,125,118,,conlemi01
119,Mike Conley,35,UTA,PG,43,42,1276,5.7,14,0.408,2.9,8,0.362,2.8,6.1,0.469,0.511,2.9,3.6,0.813,0.6,3.4,4,12.4,1.6,0.4,2.8,3.5,17.3,123,119,,conlemi01
120,Mike Conley,35,MIN,PG,24,24,753,6.8,14.8,0.46,3.7,8.7,0.42,3.2,6.1,0.515,0.583,4,4.6,0.863,1,3.7,4.7,7.6,1.8,0.3,1.8,2.8,21.3,130,116,,conlemi01
121,Giannis Antetokounmpo,28,MIL,PF,63,63,2024,16.7,30.1,0.553,1.1,4,0.275,15.6,26.1,0.596,0.572,11.7,18.2,0.645,3.2,14.3,17.5,8.5,1.2,1.2,5.8,4.6,46.2,117,108,MVP-3DPOY-6ASNBA1,antetgi01
122,Kevin Porter Jr.,22,HOU,PG,59,59,2024,9.4,21.2,0.442,3.4,9.2,0.366,6,12,0.501,0.522,5,6.3,0.784,1.8,5.7,7.5,8.1,2,0.4,4.5,3.7,27.1,112,120,,porteke02
123,Deni Avdija,22,WAS,SF,76,40,2020,6.1,14,0.437,1.7,5.6,0.297,4.4,8.4,0.53,0.497,2.9,4,0.739,1.8,10,11.7,5.1,1.6,0.7,3,5,16.8,106,114,,avdijde01
124,Tyrese Maxey,22,PHI,SG,60,41,2016,10.8,22.4,0.481,3.9,9.1,0.434,6.9,13.4,0.513,0.568,4.4,5.2,0.845,0.6,3.8,4.3,5.2,1.2,0.2,2,3.2,29.9,120,117,,maxeyty01
125,Dorian Finney-Smith,29,2TM,PF,66,66,2009,4.8,12.3,0.391,2.8,8.3,0.337,2,4,0.503,0.505,1.1,1.5,0.763,2.8,5,7.8,2.5,1.4,0.9,1.5,3.5,13.5,109,117,,finnedo01
126,Dorian Finney-Smith,29,DAL,PF,40,40,1288,5,12,0.416,3,8.4,0.355,2,3.6,0.559,0.54,1.2,1.5,0.75,2.6,4.7,7.3,2.3,1.5,0.8,1.4,3.1,14.1,114,118,,finnedo01
127,Dorian Finney-Smith,29,BRK,PF,26,26,721,4.5,12.9,0.351,2.5,8.2,0.306,2,4.7,0.429,0.448,1,1.3,0.789,3.2,5.5,8.7,2.8,1.2,1.1,1.8,4.3,12.6,101,116,,finnedo01
128,Jordan Clarkson,30,UTA,SG,61,61,1988,11,24.8,0.444,3.7,11,0.338,7.3,13.7,0.53,0.519,4.8,5.9,0.816,1.7,4.2,5.9,6.5,0.8,0.3,4.5,2.9,30.5,109,120,,clarkjo01
129,Dennis Schröder,29,LAL,PG,66,50,1986,6.4,15.5,0.415,1.8,5.4,0.329,4.7,10.1,0.461,0.472,5.2,6,0.857,0.5,3.4,3.9,7.1,1.2,0.2,2.7,3.5,19.8,112,117,,schrode01
130,Tre Jones,23,SAS,PG,68,65,1984,8.1,17.7,0.459,1.1,3.8,0.285,7,13.9,0.506,0.489,3.5,4.1,0.86,1.3,4.5,5.8,10.7,2.1,0.2,2.6,2.3,20.8,117,120,,jonestr01
131,Grayson Allen,27,MIL,SG,72,70,1972,5.9,13.5,0.44,3.5,8.9,0.399,2.4,4.6,0.518,0.571,2.8,3.1,0.905,1.5,4.3,5.7,3.9,1.5,0.3,1.7,2.8,18.2,123,114,,allengr01
132,Jonas Valančiūnas,30,NOP,C,79,79,1968,11,20.1,0.547,0.9,2.7,0.349,10,17.4,0.577,0.57,4.6,5.5,0.826,5.5,14.3,19.8,3.4,0.5,1.3,3.9,6,27.5,116,110,,valanjo01
133,Eric Gordon,34,2TM,SG,69,58,1965,7.2,16.2,0.446,3.3,8.8,0.371,3.9,7.3,0.535,0.547,3.5,4.3,0.821,0.4,2.9,3.3,4.5,1.1,0.6,2.6,1.9,21.2,115,122,,gordoer01
134,Eric Gordon,34,HOU,SG,47,47,1418,7.2,16.3,0.439,2.9,8.4,0.347,4.3,8,0.536,0.528,3.8,4.6,0.815,0.4,2.9,3.3,4.6,1,0.6,2.8,1.5,21,113,123,,gordoer01
135,Eric Gordon,34,LAC,SG,22,11,547,7.3,15.7,0.463,4.2,9.9,0.423,3,5.7,0.531,0.597,2.9,3.4,0.842,0.4,3,3.3,4.2,1.2,0.7,1.9,3,21.6,122,118,,gordoer01
136,Kevon Looney,26,GSW,C,82,70,1958,5.8,9.3,0.63,0,0,0,5.8,9.2,0.632,0.63,2.3,3.7,0.606,6.6,11.7,18.3,5,1.3,1.2,1.1,5.4,13.9,147,111,,looneke01
137,Kyle Anderson,29,MIN,PF,69,46,1957,6.1,12,0.509,1,2.5,0.41,5.1,9.5,0.536,0.553,2.4,3.3,0.735,1.6,7.3,8.9,8.1,1.9,1.5,2.5,3.5,15.7,120,112,,anderky01
138,Marcus Smart,28,BOS,PG,61,61,1957,6.2,15,0.415,2.9,8.5,0.336,3.4,6.5,0.519,0.511,2.2,2.9,0.746,1.1,3.6,4.8,9.5,2.3,0.6,3.6,4.3,17.5,111,112,,smartma01
139,LeBron James,38,LAL,PF,55,54,1954,14.8,29.6,0.5,2.9,9.1,0.321,11.8,20.4,0.58,0.549,6.1,7.9,0.768,1.6,9.5,11.1,9.1,1.2,0.8,4.3,2.1,38.6,114,113,ASNBA3,jamesle01
140,Herbert Jones,24,NOP,PF,66,66,1951,5.8,12.4,0.469,1.4,4.1,0.335,4.4,8.3,0.536,0.525,3.1,4,0.764,2.4,4.3,6.7,4,2.6,1,2.2,5.2,16.1,115,112,,joneshe01
141,Torrey Craig,32,PHO,PF,79,60,1948,5.7,12.5,0.456,2.5,6.3,0.395,3.2,6.2,0.518,0.556,0.8,1.1,0.711,3.6,7,10.7,2.9,1.3,1.6,1.8,4.5,14.8,116,113,,craigto01
142,Ja Morant,23,MEM,PG,61,59,1948,13.8,29.6,0.466,2.2,7.3,0.307,11.6,22.3,0.519,0.504,9.1,12.1,0.748,1.5,7.2,8.7,12,1.6,0.4,5,2.4,38.9,114,112,MVP-12AS,moranja01
143,Kelly Olynyk,31,UTA,C,68,68,1942,6.8,13.7,0.499,2.3,5.8,0.394,4.6,7.9,0.576,0.583,4.9,5.7,0.853,2,8.3,10.3,6.2,1.5,0.9,4.1,5.7,20.8,118,115,,olynyke01
144,Stephen Curry,34,GSW,PG,56,56,1941,13.6,27.6,0.493,6.6,15.5,0.427,7,12,0.579,0.614,6.3,6.8,0.915,0.9,7.3,8.3,8.6,1.3,0.5,4.4,2.8,40.1,123,115,MVP-9CPOY-9ASNBA2,curryst01
145,Tyus Jones,26,MEM,PG,80,22,1940,7.6,17.4,0.438,3,8,0.371,4.7,9.4,0.495,0.523,2,2.4,0.8,0.7,4.2,4.9,10.2,2,0.1,1.8,0.8,20.1,122,113,6MOY-6,jonesty01
146,Paul George,32,LAC,SF,56,56,1939,11.6,25.4,0.457,4,10.8,0.371,7.6,14.6,0.521,0.536,6.5,7.4,0.871,1.1,7.5,8.6,7.3,2.1,0.5,4.4,4,33.7,113,113,AS,georgpa01
147,Al Horford,36,BOS,C,63,63,1922,5.8,12.1,0.476,3.7,8.2,0.446,2.1,3.9,0.539,0.627,0.4,0.5,0.714,1.9,8,9.9,4.8,0.8,1.5,0.9,3.1,15.6,133,112,,horfoal01
148,P.J. Tucker,37,PHI,PF,75,75,1920,2.5,5.8,0.427,1.4,3.6,0.393,1.1,2.2,0.482,0.549,0.5,0.6,0.826,2.5,5.2,7.6,1.5,1,0.4,1.1,4.6,6.9,117,116,,tuckepj01
149,Jalen McDaniels,25,2TM,SF,80,24,1913,7.1,15.5,0.455,1.9,5.8,0.332,5.1,9.7,0.53,0.518,2.9,3.5,0.841,1.6,7.1,8.7,3.3,2.1,0.9,2.3,5.2,18.9,108,114,,mcdanja01
150,Jalen McDaniels,25,CHO,SF,56,21,1494,7,15.7,0.447,2.1,6.4,0.322,5,9.3,0.534,0.513,2.8,3.3,0.846,1.4,7.2,8.6,3.5,2.1,0.9,2.5,5,19,106,114,,mcdanja01
151,Jalen McDaniels,25,PHI,SF,24,3,419,7.1,14.5,0.488,1.4,3.5,0.4,5.7,11,0.516,0.537,3.3,4,0.824,2.2,6.7,9,2.2,2,0.6,1.5,6,18.9,117,113,,mcdanja01
152,Jakob Poeltl,27,2TM,C,72,71,1906,9.8,15.6,0.629,0,0,0,9.8,15.5,0.63,0.629,3,5.1,0.592,5.9,10.5,16.5,5,1.7,2.2,3.1,4.9,22.6,123,114,,poeltja01
153,Jakob Poeltl,27,SAS,C,46,46,1199,9.4,15.3,0.616,0,0,0,9.4,15.2,0.618,0.616,3.1,5.1,0.605,6,10.4,16.4,5.6,1.4,2,3.8,4.6,21.9,119,116,,poeltja01
154,Jakob Poeltl,27,TOR,C,26,25,707,10.5,16.1,0.652,0,0,,10.5,16.1,0.652,0.652,2.9,5,0.569,5.9,10.7,16.6,3.9,2.1,2.4,2,5.4,23.8,132,110,,poeltja01
155,Anthony Davis,29,LAL,C,56,54,1904,13.5,23.9,0.563,0.5,1.8,0.257,13,22.1,0.589,0.573,8.7,11,0.784,4.9,12.6,17.5,3.7,1.5,2.8,3,3.6,36.1,124,108,,davisan02
156,Donte DiVincenzo,26,GSW,SG,72,36,1894,5.9,13.5,0.435,3.7,9.4,0.397,2.1,4,0.525,0.574,1.4,1.8,0.817,2,6.1,8.1,6.3,2.4,0.2,2.8,3.3,16.9,117,113,,divindo01
157,Bojan Bogdanović,33,DET,PF,59,59,1893,11,22.6,0.488,3.7,9,0.411,7.3,13.5,0.539,0.57,6.9,7.8,0.884,0.9,4.8,5.7,3.9,0.9,0.2,3.5,2.9,32.6,118,122,,bogdabo02
158,Chris Paul,37,PHO,PG,59,59,1889,7.6,17.3,0.44,2.5,6.8,0.375,5.1,10.5,0.482,0.513,3.4,4.1,0.831,0.7,5.8,6.5,13.6,2.4,0.6,2.9,3.3,21.2,122,112,,paulch01
159,Tyrese Haliburton,22,IND,PG,56,56,1883,10.4,21.2,0.49,4.1,10.1,0.4,6.3,11.1,0.572,0.586,4.4,5.1,0.871,0.8,4.3,5.2,14.7,2.3,0.6,3.6,1.7,29.2,129,118,AS,halibty01
160,Jarred Vanderbilt,23,2TM,PF,78,65,1879,6.3,11.4,0.548,0.7,2.3,0.322,5.5,9.2,0.604,0.58,2.4,3.5,0.691,4.3,10.4,14.8,4.7,2.1,0.5,2.5,4.8,15.7,123,112,,vandeja01
161,Jarred Vanderbilt,23,UTA,PF,52,41,1254,6.6,11.8,0.556,0.7,2.2,0.333,5.9,9.7,0.606,0.587,2.6,3.9,0.657,4.6,11,15.6,5.4,2,0.6,2.6,5.1,16.5,124,113,,vandeja01
162,Jarred Vanderbilt,23,LAL,PF,26,24,625,5.6,10.6,0.529,0.8,2.5,0.303,4.9,8.1,0.598,0.564,2.2,2.8,0.784,3.7,9.4,13.1,3.2,2.3,0.5,2.2,4.3,14.2,119,111,,vandeja01
163,Terance Mann,26,LAC,SG,81,36,1872,7.1,13.7,0.519,2,5.2,0.389,5.1,8.5,0.598,0.593,2.4,3.1,0.78,2,5.2,7.2,4.8,1.1,0.6,2.1,3.9,18.7,123,117,,mannte01
164,Troy Brown Jr.,23,LAL,SF,76,45,1860,5.1,11.8,0.43,2.7,7.2,0.381,2.4,4.7,0.505,0.545,0.9,1,0.872,1.6,6.3,7.8,2.4,1.5,0.4,1.2,3.1,13.8,113,115,,browntr01
165,Onyeka Okongwu,22,ATL,C,80,18,1849,8.2,12.8,0.638,0.1,0.3,0.308,8.1,12.5,0.647,0.642,3.9,5.1,0.781,5.6,9.3,14.9,2.1,1.4,2.8,2.1,6.5,20.4,134,112,,okongon01
166,Austin Reaves,24,LAL,SG,64,22,1843,6.7,12.6,0.529,2.2,5.6,0.398,4.4,7,0.631,0.616,5.9,6.8,0.864,0.8,4.1,5,5.5,0.8,0.5,2.5,2.8,21.4,129,117,6MOY-7,reaveau01
167,Desmond Bane,24,MEM,SG,58,58,1841,11.6,24.2,0.479,4.3,10.5,0.408,7.3,13.7,0.534,0.568,4.7,5.3,0.883,1.1,6.4,7.5,6.6,1.4,0.6,3.3,3.9,32.2,119,113,,banede01
168,Devin Booker,26,PHO,SG,53,53,1835,14,28.4,0.494,3,8.4,0.351,11.1,20,0.554,0.546,8.1,9.5,0.855,1.2,5.2,6.4,7.8,1.4,0.5,3.9,4.2,39.2,119,115,,bookede01
169,Marcus Morris,33,LAC,PF,65,65,1825,7.4,17.3,0.426,3,8.3,0.364,4.3,9,0.484,0.513,1.8,2.3,0.782,0.8,6.1,6.9,3.1,1.1,0.6,1.5,3.7,19.5,108,116,,morrima03
170,Myles Turner,26,IND,C,62,62,1825,10.5,19.1,0.548,2.4,6.5,0.373,8,12.6,0.638,0.612,5.6,7.2,0.783,2.3,9.8,12.1,2.3,0.9,3.6,2.7,5.6,29,121,114,,turnemy01
171,Bobby Portis,27,MIL,PF,70,22,1818,10.5,21.1,0.496,2.5,6.8,0.37,8,14.3,0.555,0.555,2.5,3.3,0.768,4,13.6,17.6,2.8,0.8,0.4,2.1,3,25.9,117,110,6MOY-3,portibo01
172,Aaron Nesmith,23,IND,SF,73,60,1816,6.6,15.4,0.427,3,8.2,0.366,3.6,7.2,0.496,0.525,3.1,3.7,0.838,1.6,5.6,7.2,2.6,1.4,0.9,2,6.1,19.3,111,119,,nesmiaa01
173,Patrick Beverley,34,2TM,PG,67,67,1816,3.8,9.5,0.4,2.1,6.3,0.335,1.7,3.2,0.529,0.511,1.2,1.7,0.723,1.2,5.3,6.5,5.1,1.7,1.1,1.6,4.9,10.9,113,113,,beverpa01
174,Patrick Beverley,34,LAL,SG,45,45,1211,3.8,9.4,0.402,2.2,6.2,0.348,1.6,3.2,0.506,0.517,1.5,2,0.78,0.9,4.5,5.5,4.6,1.6,1,1.6,4.9,11.3,112,115,,beverpa01
175,Patrick Beverley,34,CHI,PG,22,22,605,3.8,9.6,0.395,2,6.5,0.309,1.8,3.1,0.579,0.5,0.6,1.2,0.533,1.6,7,8.6,6.1,1.9,1.3,1.4,5.1,10.2,114,111,,beverpa01
176,Jevon Carter,27,MIL,PG,81,39,1810,6.3,14.9,0.423,3.7,8.9,0.421,2.6,6,0.425,0.549,0.8,1,0.816,0.9,4.4,5.3,5.2,1.7,0.8,2.1,4.2,17.2,113,113,,carteje01
177,Michael Porter Jr.,24,DEN,SF,62,62,1798,10.8,22.2,0.487,5.1,12.4,0.414,5.7,9.9,0.579,0.602,2.6,3.3,0.8,1.7,7.5,9.3,1.8,1,0.8,1.8,3.2,29.4,118,115,,portemi01
178,Naji Marshall,25,NOP,SF,77,21,1792,6.7,15.4,0.433,1.8,5.9,0.303,4.9,9.5,0.513,0.49,3.7,4.7,0.789,1.3,6.2,7.5,5.1,1.5,0.4,2.6,3.1,18.9,109,114,,marshna01
179,Jaren Jackson Jr.,23,MEM,C,63,63,1787,11.1,21.8,0.506,2.7,7.5,0.355,8.4,14.3,0.585,0.567,6.4,8.1,0.788,2.9,8.5,11.3,1.6,1.7,5,2.8,6,31.2,118,105,DPOY-1AS,jacksja02
180,Shaedon Sharpe,19,POR,SG,80,15,1779,8.4,17.7,0.472,2.8,7.7,0.36,5.6,10,0.559,0.551,2.1,2.9,0.714,1.7,4.7,6.5,2.6,1,0.7,2.3,3.7,21.6,109,121,,sharpsh01
181,Markelle Fultz,24,ORL,PG,60,60,1778,9.5,18.5,0.514,0.7,2.4,0.31,8.8,16.1,0.544,0.534,3,3.9,0.783,1.9,4.5,6.4,9.3,2.4,0.7,3.8,3.6,22.8,113,114,,fultzma01
182,Tari Eason,21,HOU,PF,82,5,1767,8.1,18.1,0.448,1.6,4.7,0.343,6.5,13.4,0.486,0.493,3,4,0.752,5.3,8.3,13.6,2.4,2.6,1.3,2.8,5.2,20.9,110,115,,easonta01
183,Gabe Vincent,26,MIA,PG,68,34,1759,6.5,16.1,0.402,3.3,9.9,0.334,3.1,6.2,0.512,0.505,1.9,2.2,0.872,0.8,3.3,4.1,4.7,1.8,0.1,2.6,4.4,18.2,104,115,,vincega01
184,Kawhi Leonard,31,LAC,SF,52,50,1748,12.5,24.4,0.512,2.9,7,0.416,9.6,17.4,0.551,0.572,6.8,7.8,0.871,1.6,7.9,9.5,5.7,2,0.8,2.5,2.4,34.7,125,113,,leonaka01
185,Malcolm Brogdon,30,BOS,PG,67,0,1744,9.9,20.5,0.484,3.7,8.3,0.444,6.2,12.2,0.51,0.574,4.5,5.1,0.87,1.2,6.7,7.8,6.9,1.3,0.5,2.7,3,28,122,113,6MOY-1,brogdma01
186,Christian Wood,27,DAL,C,67,17,1738,11.3,22,0.515,3,8,0.376,8.3,14,0.594,0.583,6.2,8,0.772,2.5,11.6,14,3.5,0.9,2.1,3.5,4.8,31.9,116,113,6MOY-9,woodch01
187,Coby White,22,CHI,SG,74,2,1730,7.4,16.7,0.443,3.6,9.7,0.372,3.8,7,0.54,0.551,1.7,2,0.871,0.5,5.5,6,5.7,1.5,0.2,2.1,3.4,20.1,113,114,,whiteco01
188,Clint Capela,28,ATL,C,65,63,1730,9.6,14.8,0.653,0,0,0,9.6,14.7,0.654,0.653,2.2,3.6,0.603,7.1,12.6,19.8,1.6,1.2,2.2,1.5,3.8,21.5,136,112,,capelca01
189,Malik Monk,24,SAC,SG,77,0,1719,9.9,22.2,0.448,4,11.1,0.359,6,11.1,0.538,0.538,5.1,5.8,0.889,0.9,4.8,5.7,8.3,1.4,0.6,4.1,3.5,29,114,118,6MOY-5,monkma01
190,Kyle Lowry,36,MIA,PG,55,44,1718,5.7,14.1,0.404,3.1,9,0.345,2.6,5.1,0.509,0.514,3.4,3.9,0.859,1.2,5.3,6.5,8.2,1.7,0.6,3,4.2,17.8,114,114,,lowryky01
191,Nicolas Batum,34,LAC,PF,78,19,1709,4.6,10.9,0.42,3.6,9.1,0.391,1,1.8,0.563,0.583,1,1.4,0.708,1.8,6.8,8.6,3.5,1.5,1.3,1.4,4.3,13.7,120,114,,batumni01
192,Walker Kessler,21,UTA,C,74,40,1703,8.4,11.6,0.72,0,0.1,0.333,8.3,11.5,0.723,0.721,2.3,4.5,0.516,6.5,10.9,17.4,1.9,0.7,4.9,1.6,4.7,19,140,111,ROY-3,kesslwa01
193,Monte Morris,27,WAS,PG,62,61,1695,7.1,14.8,0.48,2.2,5.9,0.382,4.9,8.9,0.543,0.555,1.8,2.2,0.831,0.7,5.3,6,9.4,1.2,0.4,1.7,2.2,18.3,125,118,,morrimo01
194,Wendell Carter Jr.,23,ORL,C,57,54,1690,9.2,17.5,0.525,2.3,6.4,0.356,6.9,11.1,0.624,0.591,4.1,5.6,0.738,3.4,10.8,14.2,3.8,0.9,0.9,3,4.5,24.8,119,113,,cartewe01
195,Santi Aldama,22,MEM,PF,77,20,1682,7,14.8,0.47,2.7,7.5,0.353,4.3,7.3,0.591,0.56,3,4.1,0.75,2.4,8.1,10.5,2.7,1.3,1.4,1.7,4,19.7,120,111,,aldamsa01
196,Bradley Beal,29,WAS,SG,50,50,1673,12.9,25.6,0.506,2.3,6.4,0.365,10.6,19.2,0.552,0.551,5.6,6.6,0.842,1.2,4.5,5.7,7.9,1.3,1,4.2,3.1,33.8,114,117,,bealbr01
197,Kevin Durant,34,2TM,PF,47,47,1672,14.1,25.2,0.56,2.7,6.7,0.404,11.4,18.5,0.617,0.614,9,9.8,0.919,0.5,8.6,9.1,6.9,1,2,4.6,2.9,39.9,123,113,AS,duranke01
198,Kevin Durant,34,BRK,PF,39,39,1403,14.3,25.5,0.559,2.5,6.6,0.376,11.8,19,0.622,0.607,9.3,10,0.934,0.5,8.6,9.1,7.2,1.1,2,4.7,3.2,40.3,122,113,,duranke01
199,Kevin Durant,34,PHO,PF,8,8,269,13.3,23.3,0.57,4,7.4,0.537,9.3,15.8,0.586,0.656,7.3,8.7,0.833,0.5,8.7,9.3,5.1,0.4,1.8,3.6,1.3,37.8,127,114,,duranke01
200,Jalen Duren,19,DET,C,67,31,1670,7.5,11.6,0.648,0,0.1,0,7.5,11.5,0.652,0.648,2.8,4.6,0.611,6.6,10.6,17.3,2.2,1.3,1.7,2.7,5.3,17.8,126,116,,durenja01
201,Reggie Jackson,32,2TM,PG,68,40,1657,7.8,18.9,0.411,2.8,8.5,0.333,4.9,10.4,0.474,0.486,2.1,2.3,0.91,0.7,3.5,4.3,6.9,1.4,0.2,3.4,3.4,20.5,103,118,,jacksre01
202,Reggie Jackson,32,LAC,PG,52,38,1338,7.8,18.7,0.418,2.8,8.1,0.35,5,10.7,0.469,0.493,2.2,2.4,0.924,0.8,3.4,4.2,6.7,1.4,0.2,3.5,3.4,20.7,103,118,,jacksre01
203,Reggie Jackson,32,DEN,PG,16,2,319,7.5,19.6,0.383,2.9,10.4,0.279,4.6,9.2,0.5,0.457,1.5,1.8,0.833,0.5,3.8,4.3,7.7,1.4,0.2,2.9,3.4,19.5,101,117,,jacksre01
204,Isaac Okoro,22,CLE,SF,76,46,1652,5.3,10.7,0.494,1.9,5.2,0.363,3.4,5.6,0.617,0.582,2.4,3.1,0.757,1.6,4.1,5.7,2.6,1.7,0.9,1.3,4.8,14.9,123,112,,okorois01
205,Isaiah Hartenstein,24,NYK,C,82,8,1626,5.3,9.9,0.535,0.2,1.1,0.216,5.1,8.8,0.576,0.547,1.5,2.2,0.676,6.4,9.9,16.3,3.1,1.6,1.9,2,6.5,12.3,124,111,,harteis01
206,Daniel Gafford,24,WAS,C,78,47,1604,8.8,12,0.732,0,0,,8.8,12,0.732,0.732,3.9,5.7,0.679,4.9,8.2,13.1,2.6,1,3,2.6,5.7,21.4,135,113,,gaffoda01
207,Mitchell Robinson,24,NYK,C,59,58,1591,5.8,8.7,0.671,0,0,,5.8,8.7,0.671,0.671,1.8,3.8,0.484,8.3,8.9,17.2,1.6,1.7,3.4,1.3,5,13.5,142,110,,robinmi01
208,Drew Eubanks,25,POR,C,78,28,1584,6.6,10.3,0.641,0.2,0.6,0.389,6.4,9.7,0.655,0.651,2.6,3.8,0.664,4.1,8.8,12.9,3.2,1.2,3.1,2.1,5.2,15.9,130,115,,eubandr01
209,Gordon Hayward,32,CHO,SF,50,50,1577,8.3,17.5,0.475,1.6,4.8,0.325,6.8,12.7,0.532,0.52,3.9,4.8,0.811,1,5.5,6.5,6.2,1.3,0.4,3,2.1,22.1,110,118,,haywago01
210,Alex Caruso,28,CHI,PG,67,36,1575,4,8.8,0.455,1.7,4.7,0.364,2.3,4.2,0.556,0.551,1.8,2.3,0.808,1.3,4.8,6.1,6,3,1.4,2.4,4.9,11.6,115,109,DPOY-11,carusal01
211,Shake Milton,26,PHI,SG,76,11,1567,7.6,15.9,0.479,1.8,4.7,0.378,5.8,11.2,0.521,0.535,3.1,3.7,0.853,1.2,4.8,6,7.6,0.8,0.4,3,3.9,20.1,115,117,,miltosh01
212,Norman Powell,29,LAC,SG,60,8,1567,10.6,22.2,0.479,3.6,9,0.397,7.1,13.2,0.534,0.559,7,8.7,0.812,0.8,4.7,5.5,3.4,1.6,0.6,3.2,3.9,31.9,115,116,6MOY-4,powelno01
213,Cole Anthony,22,ORL,PG,60,4,1552,8.6,19,0.454,2.3,6.4,0.364,6.3,12.6,0.5,0.516,4.7,5.3,0.894,1.5,7.5,9,7.3,1.2,1,2.8,4.9,24.3,117,115,,anthoco01
214,Malaki Branham,19,SAS,SG,66,32,1550,8.2,18.6,0.44,2.3,7.8,0.302,5.9,10.8,0.539,0.503,1.8,2.1,0.829,0.9,4.7,5.5,3.9,1,0.2,2.3,3.5,20.5,103,123,,branhma01
215,Cedi Osman,27,CLE,SF,77,2,1548,7.7,17.2,0.451,3.8,10.1,0.372,4,7.1,0.564,0.56,2.4,3.5,0.694,0.8,4.9,5.7,3.7,1.1,0.4,1.7,4,21.7,115,113,,osmande01
216,Kelly Oubre Jr.,27,CHO,SF,48,40,1548,10.9,25.2,0.431,3.3,10.4,0.319,7.5,14.8,0.51,0.497,4.9,6.4,0.76,2,5.7,7.7,1.7,2.1,0.6,2,4.3,29.9,106,115,,oubreke01
217,Josh Green,22,DAL,SG,60,21,1539,6.6,12.3,0.537,2.2,5.5,0.402,4.4,6.9,0.643,0.626,2.2,3,0.723,1.8,4.1,5.9,3.3,1.4,0.2,2.3,5,17.6,119,119,,greenjo02
218,Brandon Ingram,25,NOP,SF,45,45,1538,12.7,26.3,0.484,2,5.2,0.39,10.7,21.1,0.507,0.522,7.6,8.6,0.882,0.7,7,7.8,8.3,1,0.6,4.7,3.7,35,112,114,,ingrabr01
219,Josh Richardson,29,2TM,SG,65,10,1530,7.4,17.3,0.431,3.3,9.1,0.365,4.1,8.1,0.506,0.528,2.1,2.5,0.852,1.3,4.2,5.5,5.4,2.1,0.6,2.7,3.6,20.4,110,118,,richajo01
220,Josh Richardson,29,SAS,SG,42,6,997,8.4,19.2,0.436,3.5,9.8,0.357,4.9,9.4,0.518,0.527,2.5,2.8,0.883,1.4,4.2,5.6,6.5,1.9,0.5,3,3.3,22.8,111,120,,richajo01
221,Josh Richardson,29,NOP,SG,23,4,533,5.6,13.5,0.419,3,7.8,0.384,2.6,5.6,0.468,0.53,1.5,1.9,0.762,1,4.1,5.1,3.4,2.6,0.8,2.1,4.3,15.7,107,112,,richajo01
222,Joe Harris,31,BRK,SF,74,33,1527,6.4,14.1,0.457,4.5,10.6,0.426,1.9,3.4,0.551,0.618,0.6,0.9,0.643,0.7,4.5,5.2,3.2,1.1,0.4,1.3,4.5,18,119,117,,harrijo01
223,T.J. McConnell,30,IND,PG,75,6,1526,8.8,16.2,0.543,0.8,1.8,0.441,8,14.4,0.556,0.568,1.8,2.1,0.853,1.4,5.9,7.3,12.4,2.5,0.3,4.4,3.3,20.2,116,117,,mccontj01
224,Chris Boucher,30,TOR,PF,76,0,1523,8.5,17.2,0.493,2,6.1,0.328,6.5,11,0.585,0.552,4.2,5.5,0.762,5.1,8.6,13.7,0.9,1.5,2.1,1.3,4.6,23.1,125,112,,bouchch01
225,Georges Niang,29,PHI,PF,78,1,1512,7.3,16.4,0.442,5,12.6,0.401,2.2,3.9,0.576,0.596,1.3,1.5,0.867,0.6,5.4,6.1,2.5,1,0.5,1.8,4.8,20.9,114,116,,niangge01
226,Bogdan Bogdanović,30,ATL,SG,54,9,1508,8.6,19.3,0.447,4.6,11.4,0.406,4,7.9,0.506,0.566,2,2.4,0.831,0.7,4.5,5.2,4.7,1.4,0.6,2.1,2.7,23.9,117,118,,bogdabo01
227,Damion Lee,30,PHO,SG,74,5,1506,6.5,14.7,0.442,3.6,8,0.445,2.9,6.7,0.439,0.564,3.1,3.4,0.904,1.3,6,7.3,3.2,1,0.2,2.5,3.8,19.6,114,116,,leeda03
228,Bol Bol,23,ORL,PF,70,33,1505,8.4,15.4,0.546,1,3.6,0.265,7.4,11.7,0.633,0.577,2.6,3.5,0.759,2.2,10.8,13,2.2,1,2.7,3.6,3,20.4,106,111,,bolbo01
229,John Konchar,26,MEM,SF,72,23,1494,4.4,10.2,0.431,1.9,5.6,0.339,2.5,4.5,0.545,0.525,0.9,1.1,0.778,2,7.8,9.9,3.2,2.4,0.8,1.2,3.6,11.6,117,109,,konchjo01
230,Rui Hachimura,24,2TM,PF,63,9,1466,9.3,19.1,0.486,1.7,5.2,0.319,7.6,13.9,0.55,0.53,2.9,3.9,0.739,1.7,7.5,9.3,1.9,0.6,0.9,1.7,2.4,23.2,109,116,,hachiru01
231,Rui Hachimura,24,WAS,PF,30,0,728,10.6,21.7,0.488,2,6,0.337,8.6,15.7,0.545,0.534,2.9,3.9,0.759,1.3,7.3,8.6,2.3,0.7,0.8,2.4,2.6,26.1,106,117,,hachiru01
232,Rui Hachimura,24,LAL,PF,33,9,738,8.1,16.7,0.485,1.3,4.6,0.296,6.7,12.1,0.556,0.525,2.8,3.9,0.721,2.2,7.8,10,1.5,0.5,0.9,1.1,2.1,20.4,113,115,,hachiru01
233,Dwight Powell,31,DAL,C,76,64,1458,6.7,9.2,0.732,0,0.2,0,6.7,9,0.746,0.732,3.8,5.7,0.667,5.1,5.6,10.7,2.4,1.6,0.9,2.2,7.1,17.3,140,116,,poweldw01
234,Jeremy Sochan,19,SAS,PF,56,53,1458,8.1,17.9,0.453,1.1,4.3,0.246,7,13.5,0.519,0.483,2.6,3.8,0.698,3.1,6.5,9.6,4.6,1.4,0.7,3.1,4.5,19.9,103,120,,sochaje01
235,Keita Bates-Diop,27,SAS,PF,67,42,1452,7.7,15.1,0.508,1.8,4.6,0.394,5.9,10.5,0.557,0.568,3.9,4.9,0.793,2.1,6,8.1,3.4,1.5,0.7,1.8,2,21,121,120,,bateske01
236,Davion Mitchell,24,SAC,PG,80,9,1447,6,13.2,0.454,2.1,6.5,0.32,3.9,6.7,0.584,0.533,0.8,1,0.806,0.5,2.9,3.5,6.1,1.5,0.5,2.1,3.7,14.9,111,119,,mitchda01
237,Pat Connaughton,30,MIL,SF,61,33,1443,5.5,13.9,0.392,3.6,10.7,0.339,1.9,3.3,0.566,0.521,0.9,1.4,0.659,1.7,7.7,9.4,2.5,1.2,0.4,1.1,2.3,15.4,112,113,,connapa01
238,Zach Collins,25,SAS,C,63,26,1441,9.3,18,0.518,1.8,4.8,0.374,7.5,13.1,0.571,0.568,3.5,4.7,0.761,3.8,9.4,13.2,5.9,1.2,1.6,4.2,6.5,24,112,118,,colliza01
239,Isaiah Stewart,21,DET,C,50,47,1414,6.7,15.1,0.442,2.3,7,0.327,4.4,8.1,0.542,0.518,3.8,5.1,0.738,3.9,9.9,13.8,2.4,0.7,1.2,2.3,4.6,19.4,113,118,,stewais01
240,AJ Griffin,19,ATL,SF,72,12,1401,8.4,18.1,0.465,3.4,8.8,0.39,5,9.3,0.536,0.56,1.4,1.6,0.894,1.3,3.9,5.2,2.5,1.4,0.4,1.4,3,21.7,116,119,,griffaj01
241,Isaiah Joe,23,OKC,SG,73,10,1395,7.6,17.3,0.441,5.5,13.4,0.409,2.1,3.9,0.553,0.599,2.8,3.4,0.82,0.9,5,6,3,1.6,0.3,1.3,3.6,23.5,125,116,,joeis01
242,Jonathan Kuminga,20,GSW,PF,67,16,1394,8.8,16.8,0.525,1.8,4.9,0.37,7,11.9,0.59,0.579,3,4.7,0.652,2.4,5.5,7.8,4.2,1.4,1.1,3.2,5.3,22.6,112,115,,kuminjo01
243,Jusuf Nurkić,28,POR,C,52,52,1391,9.2,17.7,0.519,1.5,4.2,0.361,7.7,13.5,0.567,0.561,4.4,6.7,0.661,4,12.5,16.5,5.2,1.5,1.5,4.2,6.5,24.3,112,114,,nurkiju01
244,Dennis Smith Jr.,25,CHO,PG,54,15,1390,6.4,15.5,0.412,0.8,3.8,0.216,5.5,11.7,0.475,0.438,2.7,3.6,0.736,0.9,4.8,5.7,8.9,2.6,0.9,2.8,4.2,16.2,103,114,,smithde03
245,Larry Nance Jr.,30,NOP,C,65,1,1381,6.5,10.7,0.61,0.5,1.5,0.333,6,9.2,0.654,0.633,1.9,2.8,0.696,3.7,8.7,12.4,4.2,2,1.3,1.5,4.7,15.5,134,110,,nancela02
246,Josh Okogie,24,PHO,SG,72,26,1350,5.9,15,0.391,2.4,7.1,0.335,3.5,7.9,0.442,0.471,5,7,0.724,3.9,5.1,9.1,3.8,2,1.2,2.3,4.1,19.2,114,113,,okogijo01
247,Devonte' Graham,27,2TM,PG,73,8,1338,5.8,15.5,0.374,4.3,12.1,0.352,1.5,3.3,0.452,0.512,3.5,4.7,0.748,0.7,3.7,4.4,7,1.6,0.6,1.9,2.8,19.3,117,117,,grahade01
248,Devonte' Graham,27,NOP,PG,53,0,811,5.1,13.8,0.368,3.9,11.4,0.347,1.1,2.4,0.463,0.511,2.6,3.5,0.746,0.7,3.6,4.3,6.9,1.8,0.6,1.6,2.9,16.7,118,114,,grahade01
249,Devonte' Graham,27,SAS,PG,20,8,527,6.8,17.9,0.38,4.7,13.3,0.358,2.1,4.7,0.442,0.513,4.8,6.5,0.75,0.6,3.9,4.5,7.2,1.3,0.5,2.3,2.8,23.2,116,122,,grahade01
250,Terrence Ross,31,2TM,SG,63,9,1330,7.3,17,0.43,3.5,9.4,0.368,3.8,7.5,0.507,0.532,1,1.2,0.794,0.8,4.8,5.6,3.5,1.3,0.4,1.6,3.5,19,110,116,,rosste01
251,Terrence Ross,31,ORL,SG,42,9,944,6.6,15.3,0.431,3.1,8.2,0.381,3.5,7.1,0.489,0.533,0.8,1,0.75,0.5,3.8,4.4,2.8,1.3,0.4,1.9,2.7,17.1,104,117,,rosste01
252,Terrence Ross,31,PHO,SG,21,0,386,9,21,0.428,4.3,12.4,0.347,4.7,8.6,0.544,0.53,1.5,1.8,0.857,1.5,7.2,8.7,5.2,1.3,0.3,0.8,5.6,23.8,120,114,,rosste01
253,Luke Kennard,26,2TM,SG,59,14,1315,6.9,14,0.492,4.9,9.9,0.494,2,4.2,0.487,0.666,1.4,1.4,0.949,0.6,5.3,5.8,3.3,1.2,0.2,1.7,3,20.1,128,116,,kennalu01
254,Luke Kennard,26,LAC,SG,35,11,725,6.6,14.3,0.464,4,8.9,0.447,2.6,5.3,0.494,0.604,1.3,1.4,0.95,0.4,5.2,5.6,2.5,1.3,0.3,2,3.2,18.5,114,117,,kennalu01
255,Luke Kennard,26,MEM,SG,24,3,590,7.2,13.8,0.526,6,11,0.54,1.3,2.7,0.471,0.743,1.4,1.5,0.947,0.7,5.3,6,4.3,1,0.1,1.3,2.8,21.9,146,115,,kennalu01
256,Doug McDermott,31,SAS,SF,64,0,1314,8.6,18.8,0.457,4.4,10.7,0.413,4.2,8.1,0.516,0.575,1.9,2.5,0.757,0.8,4.2,5,3.3,0.5,0.2,2.1,4.2,23.5,113,124,,mcderdo01
257,Talen Horton-Tucker,22,UTA,SG,65,20,1313,9.3,22.3,0.419,2.1,7.4,0.286,7.2,14.9,0.485,0.467,4.6,6.1,0.75,1.5,6.1,7.6,8.9,1.5,1.1,4.6,3.9,25.4,104,117,,hortota01
258,Jose Alvarado,24,NOP,PG,61,10,1310,7.4,18.1,0.411,3.1,9.1,0.336,4.4,9,0.488,0.496,2.4,3,0.813,1,4.2,5.2,6.9,2.5,0.4,3,4.6,20.3,107,113,,alvarjo01
259,Aaron Wiggins,24,OKC,SG,70,14,1297,6.8,13.3,0.512,1.8,4.5,0.393,5.1,8.8,0.573,0.579,2.2,2.6,0.831,2.5,5.2,7.7,2.9,1.4,0.5,2,4,17.5,119,116,,wiggiaa01
260,Lonnie Walker IV,24,LAL,SG,56,32,1297,8.6,19.3,0.448,3.3,9.1,0.365,5.3,10.2,0.522,0.534,3.3,3.9,0.858,0.5,3.5,4,2.3,1.1,0.6,1.7,2.6,23.9,111,117,,walkelo01
261,Sam Hauser,25,BOS,SF,80,8,1290,6.8,15,0.455,5.3,12.7,0.418,1.5,2.3,0.656,0.631,0.5,0.6,0.706,1.3,6.4,7.7,2.7,1.1,0.8,1.1,3.7,19.3,124,113,,hausesa01
262,Jalen Smith,22,IND,C,68,31,1279,9,18.9,0.476,2,7.1,0.283,7,11.8,0.593,0.53,3.9,5.1,0.759,4.8,9.8,14.6,2.4,0.8,2.2,2.7,5.7,23.8,113,116,,smithja04
263,LaMelo Ball,21,CHO,PG,36,36,1268,11.1,27.1,0.411,5.4,14.4,0.376,5.7,12.7,0.45,0.51,3.8,4.6,0.836,1.6,7.1,8.7,11.4,1.7,0.4,4.8,4.4,31.5,108,115,,ballla01
264,David Roddy,21,MEM,PF,70,4,1258,6.8,15.9,0.429,2.5,8,0.307,4.3,7.9,0.553,0.506,1.5,2.5,0.631,1.9,5.4,7.3,2.2,1.1,0.7,2.2,4,17.6,103,114,,roddyda01
265,Jaylen Nowell,23,MIN,SG,65,2,1252,10.6,23.7,0.448,2.5,8.8,0.289,8.1,14.9,0.542,0.502,2.9,3.8,0.778,1.4,5.1,6.5,5,1.6,0.2,2.5,3.8,26.7,106,116,,nowelja01
266,Naz Reid,23,MIN,C,68,11,1251,11.8,21.9,0.537,2.8,8.2,0.346,8.9,13.7,0.653,0.602,3.3,4.8,0.677,2.8,9.9,12.6,2.9,1.6,2,3.5,6.7,29.7,112,110,,reidna01
267,Trey Lyles,27,SAC,PF,74,0,1247,7.2,15.7,0.458,3.3,9.2,0.363,3.8,6.4,0.595,0.565,3.9,4.8,0.815,2.6,8.9,11.5,2.5,1,1.2,2.5,3.7,21.6,117,116,,lylestr01
268,Jalen Suggs,21,ORL,SG,53,19,1246,7.2,17.2,0.419,2.6,7.8,0.327,4.7,9.4,0.496,0.493,3.3,4.6,0.723,2.1,4.1,6.2,6,2.6,1,3.6,4.7,20.3,104,113,,suggsja01
269,Kevin Love,34,2TM,PF,62,20,1240,6.7,17.1,0.389,4,11.9,0.334,2.7,5.2,0.516,0.506,3.2,3.7,0.879,2.4,13.7,16.1,4.7,0.6,0.5,2.8,3.9,20.5,110,110,,loveke01
270,Kevin Love,34,CLE,PF,41,3,821,6.8,17.4,0.389,4.2,11.9,0.354,2.6,5.5,0.467,0.511,3.4,3.8,0.889,2.6,14.5,17.1,4.6,0.4,0.4,2.9,4,21.2,111,109,,loveke01
271,Kevin Love,34,MIA,PF,21,17,419,6.4,16.5,0.388,3.6,12,0.297,2.9,4.5,0.632,0.496,2.9,3.3,0.857,2,12.1,14.2,4.8,1.1,0.6,2.7,3.8,19.3,107,112,,loveke01
272,Cory Joseph,31,DET,PG,62,2,1227,5.9,13.9,0.427,2.8,7.1,0.389,3.2,6.8,0.468,0.527,2.3,2.8,0.792,0.8,3.4,4.2,8.6,1.3,0.4,2.2,3.5,16.9,119,122,,josepco01
273,Delon Wright,30,WAS,PG,50,14,1221,5.5,11.6,0.474,1.6,4.7,0.345,3.9,6.9,0.564,0.545,2.1,2.4,0.867,2.3,4.9,7.2,7.7,3.7,0.7,1.8,2.4,14.7,127,112,,wrighde01
274,Nick Richards,25,CHO,C,65,9,1217,7.7,12.2,0.629,0,0,1,7.7,12.2,0.628,0.631,5.4,7.2,0.749,5.7,10.5,16.3,1.5,0.4,2.8,2.3,6,20.8,130,113,,richani01
275,Seth Curry,32,BRK,SG,61,7,1211,8.4,18.1,0.463,3.8,9.4,0.405,4.6,8.7,0.525,0.568,2.1,2.2,0.927,0.5,3.5,4,4,1.5,0.3,2.1,3.9,22.6,113,117,,curryse01
276,Ochai Agbaji,22,UTA,SG,59,22,1209,6.5,15.3,0.427,3.2,9,0.355,3.3,6.2,0.532,0.532,2.2,2.7,0.812,1.7,3.1,4.8,2.6,0.6,0.6,1.6,3.9,18.5,115,121,,agbajoc01
277,Kenrich Williams,28,OKC,PF,53,10,1206,7.1,13.6,0.517,2,5.3,0.373,5.1,8.3,0.608,0.59,0.7,1.5,0.436,3.8,6.5,10.3,4.1,1.8,0.6,1.3,4.4,16.7,126,114,,willike04
278,Matisse Thybulle,25,2TM,SF,71,28,1200,4.5,10.4,0.435,2.2,6.1,0.365,2.3,4.3,0.533,0.542,0.8,1.1,0.679,1.6,4.1,5.7,2.2,3.4,1.3,1,4.6,12,114,113,,thybuma01
279,Matisse Thybulle,25,PHI,SF,49,6,591,4.2,9.7,0.431,1.8,5.3,0.333,2.4,4.4,0.547,0.522,0.8,1,0.75,1.7,3.6,5.3,1.9,3.8,1.2,0.7,5.4,10.9,115,110,,thybuma01
280,Matisse Thybulle,25,POR,SG,22,22,609,4.8,11,0.438,2.6,6.8,0.388,2.2,4.2,0.519,0.558,0.8,1.3,0.625,1.6,4.6,6.2,2.4,3,1.4,1.3,3.8,13,114,116,,thybuma01
281,Isaiah Livers,24,DET,PF,52,22,1199,4.9,11.6,0.417,3,8.2,0.365,1.9,3.4,0.541,0.545,1.3,1.6,0.821,1.1,4.6,5.8,1.7,1.1,1.1,1.2,4.2,14,113,120,,liveris01
282,Cameron Johnson,26,2TM,PF,42,41,1199,9.1,19.3,0.47,4.2,10.4,0.404,4.9,8.9,0.548,0.579,4.1,4.9,0.842,1.4,6.2,7.5,3.2,2,0.6,1.5,3.4,26.5,122,114,,johnsca02
283,Cameron Johnson,26,PHO,PF,17,16,429,9.3,19.7,0.474,5.1,11.3,0.455,4.2,8.4,0.5,0.604,3.1,3.8,0.818,1.6,5.8,7.4,3,1.7,0.7,1.1,3.3,26.9,127,114,,johnsca02
284,Cameron Johnson,26,BRK,PF,25,25,770,8.9,19.1,0.468,3.7,9.9,0.372,5.3,9.2,0.572,0.565,4.7,5.5,0.851,1.3,6.3,7.6,3.3,2.2,0.5,1.7,3.4,26.2,120,114,,johnsca02
285,Anthony Lamb,25,GSW,SF,62,4,1195,5.8,12.4,0.471,2.9,7.9,0.367,3,4.5,0.652,0.588,1.8,2.4,0.767,2.2,6.3,8.5,3.8,1.1,0.8,2.1,5.3,16.4,119,115,,lamban01
286,Taurean Prince,28,MIN,PF,54,4,1192,7.1,15.1,0.467,2.9,7.7,0.381,4.1,7.4,0.557,0.565,2.6,3.1,0.844,0.6,4.7,5.3,3.3,1.1,0.6,2.8,4.9,19.6,108,117,,princta02
287,Andrew Wiggins,27,GSW,SF,37,37,1190,9.9,21,0.473,3.5,8.9,0.396,6.4,12.1,0.53,0.557,1.7,2.9,0.611,2.4,5,7.4,3.4,1.8,1.1,1.9,4.2,25.1,113,114,,wiggian01
288,Jordan Nwora,24,2TM,SF,62,14,1188,7.8,17.8,0.436,3.4,8.5,0.408,4.3,9.4,0.462,0.533,2.7,3.4,0.791,2,7.1,9.2,3.5,1,0.6,2.6,3,21.7,109,116,,nworajo01
289,Jordan Nwora,24,MIL,SF,38,3,597,6.1,15.8,0.386,3.2,8.2,0.392,2.9,7.6,0.379,0.487,3,3.4,0.86,2.3,7,9.4,3,1,0.6,2.7,2.7,18.3,106,113,,nworajo01
290,Jordan Nwora,24,IND,SF,24,11,591,9.5,19.9,0.476,3.7,8.8,0.422,5.8,11.2,0.518,0.569,2.5,3.5,0.721,1.8,7.2,9,4,1,0.6,2.6,3.2,25.1,113,119,,nworajo01
291,Gary Harris,28,ORL,SG,48,42,1184,5.6,12.5,0.45,3.8,8.9,0.431,1.8,3.6,0.494,0.603,1.1,1.2,0.9,0.9,3.1,4,2.4,1.8,0.5,1.1,3.8,16.2,122,116,,harriga01
292,Tre Mann,21,OKC,PG,67,5,1183,7.9,20.1,0.393,3.3,10.3,0.315,4.7,9.8,0.475,0.474,1.7,2.2,0.764,1.1,5.1,6.2,4.8,1.6,0.4,2.5,4,20.8,101,116,,manntr01
293,Trendon Watford,22,POR,PF,62,12,1182,7.5,13.3,0.56,1,2.6,0.391,6.4,10.7,0.602,0.599,3,4.1,0.72,1.7,8.1,9.8,5.4,1.3,0.5,2.9,4.9,18.9,118,119,,watfotr01
294,Christian Braun,21,DEN,SG,76,6,1181,5.9,12,0.495,1.4,4,0.354,4.5,8,0.565,0.554,1.7,2.7,0.625,2,5.5,7.5,2.4,1.7,0.7,1.4,4.2,14.9,114,115,,braunch01
295,Xavier Tillman Sr.,24,MEM,C,61,29,1180,7.6,12.3,0.614,0.2,0.6,0.267,7.4,11.7,0.632,0.621,2,3.6,0.551,4.9,7.5,12.4,3.9,2.3,1.2,1.8,3.9,17.3,129,109,,tillmxa01
296,Devin Vassell,22,SAS,SG,38,32,1178,10.5,23.9,0.439,4.1,10.7,0.387,6.3,13.2,0.48,0.525,3.1,4,0.78,0.3,5.6,5.9,5.5,1.7,0.7,2.3,2.3,28.2,110,120,,vassede01
297,Collin Sexton,24,UTA,PG,48,15,1145,9.9,19.5,0.506,2,5.1,0.393,7.9,14.4,0.546,0.558,6.8,8.3,0.819,1.5,2.8,4.4,5.8,1.1,0.3,3.5,4.7,28.6,119,120,,sextoco01
298,Precious Achiuwa,23,TOR,C,55,12,1140,8.5,17.5,0.485,1.3,4.7,0.269,7.2,12.8,0.564,0.521,3.8,5.4,0.702,4.3,9.9,14.2,2.2,1.3,1.3,2.6,4.4,22,112,113,,achiupr01
299,Steven Adams,29,MEM,C,42,42,1133,6.6,11,0.597,0,0,0,6.6,11,0.599,0.597,2,5.4,0.364,9,11.4,20.3,4.1,1.5,1.9,3.3,4.1,15.1,118,108,,adamsst01
300,Alec Burks,31,DET,SG,51,8,1122,8.6,19.8,0.436,4.3,10.3,0.414,4.4,9.5,0.459,0.544,6.6,8.1,0.814,0.8,6,6.8,4.9,1.6,0.3,2.5,4.2,28.2,120,119,,burksal01
301,Lamar Stevens,25,CLE,SF,62,25,1120,5.8,12.9,0.448,1.3,4.3,0.316,4.4,8.6,0.513,0.5,1.8,2.6,0.702,2.1,7.1,9.3,1.5,1.2,0.9,1.2,3.5,14.7,109,111,,stevela01
302,Moritz Wagner,25,ORL,C,57,18,1109,8.6,17.3,0.5,2.2,7.1,0.313,6.4,10.2,0.631,0.564,6.7,7.9,0.841,3,8.3,11.3,3.7,1.6,0.6,3,5.9,26.1,122,114,,wagnemo01
303,Jordan Goodwin,24,WAS,PG,62,7,1106,7,15.5,0.448,1.7,5.2,0.322,5.3,10.3,0.511,0.501,2.3,3,0.768,2.5,6.5,9,7.4,2.6,1.1,2.5,4.2,17.9,113,113,,goodwjo01
304,Victor Oladipo,30,MIA,SG,42,2,1106,7.2,18.2,0.397,3.2,9.6,0.33,4.1,8.6,0.471,0.484,2.7,3.6,0.747,0.7,5,5.8,6.6,2.6,0.5,3.9,4.5,20.2,99,112,,oladivi01
305,Ben Simmons,26,BRK,PG,42,33,1105,5.9,10.4,0.566,0,0.1,0,5.9,10.3,0.571,0.566,1.1,2.5,0.439,1.8,9.9,11.6,11.3,2.4,1.1,4.3,6.1,12.9,110,110,,simmobe01
306,Jeff Green,36,DEN,PF,56,4,1091,7.2,14.7,0.488,1.3,4.7,0.288,5.8,10,0.58,0.534,3.9,5.2,0.744,1.7,4.8,6.5,3.1,0.8,0.8,2.1,4.4,19.6,114,117,,greenje02
307,Brandon Clarke,26,MEM,PF,56,8,1090,10,15.2,0.656,0,0.3,0.167,9.9,14.9,0.665,0.658,4.3,6,0.723,4,9.5,13.5,3.1,1.5,1.6,2.4,5.7,24.3,131,109,,clarkbr01
308,Bones Hyland,22,2TM,PG,56,1,1085,10.3,25.8,0.399,5.3,14.2,0.371,5,11.5,0.434,0.502,3.9,4.6,0.843,0.9,5.2,6.1,7.8,1.8,0.7,3.7,4.3,29.7,107,115,,hylanbo01
309,Bones Hyland,22,DEN,PG,42,1,820,10.3,25.9,0.399,5.4,14.4,0.378,4.9,11.5,0.425,0.503,4.2,4.9,0.866,0.6,4.5,5.1,7.5,1.7,0.8,4,3.9,30.3,106,115,,hylanbo01
310,Bones Hyland,22,LAC,PG,14,0,265,10.2,25.3,0.401,4.8,13.7,0.351,5.4,11.6,0.46,0.496,2.8,3.7,0.75,1.8,7.2,9.1,8.7,2,0.4,2.8,5.5,27.9,111,114,,hylanbo01
311,Oshae Brissett,24,IND,PF,65,2,1083,5.4,14,0.386,2.1,6.8,0.31,3.3,7.2,0.457,0.461,4.6,6.4,0.717,2.7,6.8,9.6,1.9,1.4,0.6,1.5,3.5,17.4,110,118,,brissos01
312,Thomas Bryant,25,2TM,C,59,26,1081,10.1,16.3,0.623,1.1,2.6,0.441,9,13.7,0.658,0.659,4.1,5.6,0.738,3.8,11.2,14.9,1.4,0.7,1.3,1.7,4.5,25.5,132,112,,bryanth01
313,Thomas Bryant,25,LAL,C,41,25,876,10.7,16.3,0.654,1.2,2.7,0.44,9.5,13.6,0.697,0.691,4.3,5.8,0.741,3.6,11.5,15.1,1.6,0.8,1.2,1.5,4.2,26.8,138,112,,bryanth01
314,Thomas Bryant,25,DEN,C,18,1,205,7.9,16.2,0.485,1,2.1,0.444,6.9,14.1,0.492,0.515,3.1,4.3,0.722,4.5,9.8,14.3,0.5,0.5,1.7,2.4,6,19.8,108,114,,bryanth01
315,Obi Toppin,24,NYK,PF,67,5,1050,8.8,19.7,0.446,4,11.6,0.344,4.8,8.1,0.593,0.548,1.8,2.2,0.809,1.4,7.4,8.8,3.1,1.1,0.6,1.8,3.2,23.4,116,116,,toppiob01
316,Joe Ingles,35,MIL,SF,46,0,1044,4.9,11.3,0.435,3.8,9.3,0.409,1.1,2.1,0.556,0.603,0.8,1,0.857,0.6,5.3,5.9,6.9,1.5,0.3,2.5,3.4,14.5,120,114,,inglejo01
317,Jalen Johnson,21,ATL,SF,70,6,1042,7.2,14.7,0.491,1.4,4.8,0.288,5.9,10,0.587,0.537,2.2,3.6,0.628,2.3,10.6,12.9,3.8,1.7,1.6,1.9,5.2,18.1,114,113,,johnsja05
318,Isaiah Jackson,21,IND,C,63,12,1042,8.2,14.5,0.563,0.1,0.6,0.143,8.1,13.9,0.582,0.566,4.3,6.7,0.651,5.1,7.7,12.8,2.3,1.4,4.2,2.3,7,20.7,120,114,,jacksis01
319,Dyson Daniels,19,NOP,PG,59,11,1042,4,9.7,0.418,1.3,4,0.314,2.8,5.7,0.492,0.483,1.2,1.9,0.65,1.7,7.1,8.7,6.2,2,0.5,2.7,4.6,10.6,105,112,,daniedy01
320,Wenyen Gabriel,25,LAL,C,68,2,1024,7.2,12,0.596,0.5,1.7,0.278,6.7,10.4,0.647,0.615,2.4,3.9,0.619,5.4,7.9,13.2,1.7,1.2,1.6,2.1,6.7,17.2,123,113,,gabriwe01
321,Austin Rivers,30,MIN,SG,52,10,1016,4.3,9.8,0.435,2,5.8,0.35,2.2,4,0.558,0.538,1.4,1.8,0.769,0.2,3.6,3.9,3.5,1.3,0.2,1.1,3.7,11.9,115,117,,riverau01
322,Hamidou Diallo,24,DET,SF,56,0,996,10.5,18.2,0.573,0.2,1,0.238,10.2,17.2,0.593,0.58,4.2,7.2,0.588,2.8,6.7,9.4,2.7,2.6,0.8,3.5,6,25.4,109,116,,diallha01
323,Will Barton,32,2TM,SG,56,2,993,6.8,17.9,0.379,3.2,8.9,0.367,3.5,9.1,0.391,0.47,1.8,2.3,0.787,0.7,6,6.7,5.5,1.4,0.6,2.4,2.8,18.6,102,117,,bartowi01
324,Will Barton,32,WAS,SG,40,0,782,6.9,17.7,0.386,3.2,8.6,0.377,3.6,9.2,0.395,0.477,2.2,2.8,0.778,0.6,6.3,6.9,5.9,1.1,0.6,2.8,2.4,19.1,101,117,,bartowi01
325,Will Barton,32,TOR,SG,16,2,211,6.6,18.5,0.354,3.3,9.8,0.333,3.3,8.7,0.378,0.443,0.5,0.5,1,1.2,4.9,6.1,4,2.6,0.7,0.7,4,16.9,105,114,,bartowi01
326,Marvin Bagley III,23,DET,C,42,25,990,9.9,18.7,0.529,0.9,3.2,0.288,9,15.5,0.579,0.554,4,5.3,0.75,4.6,8.6,13.2,1.8,0.9,1.5,2.3,4,24.7,117,118,,baglema01
327,Cam Reddish,23,2TM,SF,40,20,990,6.9,15.4,0.446,2.2,7.1,0.313,4.7,8.3,0.56,0.518,3.2,3.7,0.853,0.9,3.5,4.4,2.8,1.9,0.7,2.3,3.6,19.2,109,118,,reddica01
328,Cam Reddish,23,NYK,SF,20,8,438,6.9,15.3,0.449,1.9,6.3,0.304,5,9,0.55,0.511,3.3,3.7,0.879,0.8,2.7,3.5,2.3,1.7,0.9,1.7,3.6,19,113,117,,reddica01
329,Cam Reddish,23,POR,SF,20,12,552,6.9,15.5,0.443,2.5,7.8,0.318,4.4,7.8,0.568,0.523,3.1,3.7,0.833,1,4.1,5,3.3,2.1,0.5,2.8,3.5,19.3,105,119,,reddica01
330,Jock Landale,27,PHO,C,69,4,979,8.9,16.8,0.528,1,4.2,0.25,7.8,12.6,0.621,0.559,3.9,5.2,0.752,5.9,8,14,3.4,0.8,1.5,2.9,6.3,22.8,119,113,,landajo01
331,Nassir Little,22,POR,SF,54,4,976,6.7,15.1,0.442,2.9,7.9,0.367,3.8,7.2,0.524,0.538,1.6,2.3,0.717,1.3,5.7,7,2.5,1,1,1.8,3.3,17.9,108,120,,littlna01
332,Usman Garuba,20,HOU,C,75,1,970,4.3,8.8,0.486,1.2,2.9,0.407,3.1,5.9,0.525,0.554,1.4,2.3,0.617,6,9.3,15.3,3.2,2.2,1.4,2.3,6.7,11.2,119,115,,garubus01
333,JT Thor,20,CHO,PF,69,8,969,4.7,11.7,0.399,1.9,6,0.317,2.8,5.6,0.487,0.481,1.6,2.3,0.702,1.8,5.7,7.5,1.8,1.1,1.1,2.2,3.2,12.9,97,117,,thorjt01
334,Haywood Highsmith,26,MIA,PF,54,11,969,4.8,11.1,0.431,1.9,5.6,0.339,2.9,5.5,0.523,0.516,0.7,1.4,0.464,2.9,6.7,9.7,2.2,1.9,0.9,2.3,4.2,12.1,101,112,,highsha01
335,Cameron Payne,28,PHO,PG,48,15,968,9.5,22.9,0.415,3.4,9.3,0.368,6.1,13.5,0.448,0.49,2.5,3.2,0.766,0.6,4.7,5.4,10.8,1.7,0.4,4.1,4.4,24.9,106,115,,payneca01
336,Kendrick Nunn,27,2TM,SG,70,2,964,9.5,22.4,0.424,3.9,11.1,0.354,5.6,11.3,0.493,0.512,1.7,2,0.854,0.7,4.7,5.4,4.5,1.4,0.3,3.3,3.3,24.7,100,117,,nunnke01
337,Kendrick Nunn,27,LAL,SG,39,2,528,9.2,22.5,0.406,3.7,11.3,0.325,5.5,11.2,0.488,0.488,1.5,1.9,0.81,0.4,4.5,4.9,3.1,1,0.3,2.8,3.1,23.5,96,117,,nunnke01
338,Kendrick Nunn,27,WAS,SG,31,0,436,9.9,22.2,0.447,4.2,10.8,0.392,5.7,11.4,0.5,0.543,2,2.2,0.9,1.1,4.9,6,6.3,1.9,0.4,3.9,3.5,26.1,106,117,,nunnke01
339,Karl-Anthony Towns,27,MIN,PF,29,29,957,10.5,21.2,0.495,3,8.1,0.366,7.5,13.1,0.576,0.565,5.9,6.7,0.874,2.4,9.3,11.7,6.9,1,0.8,4.3,5.5,29.9,117,114,,townska01
340,Zion Williamson,22,NOP,PF,29,29,956,14.4,23.8,0.608,0.4,1,0.368,14.1,22.8,0.618,0.615,9,12.6,0.714,2.9,7.3,10.2,6.7,1.6,0.8,5,3.3,38.2,120,112,AS,willizi01
341,Kevin Knox,23,2TM,SF,63,5,952,7.8,16.9,0.458,3.3,9.5,0.349,4.4,7.4,0.596,0.556,2.3,3.1,0.767,1.7,7.3,9,1.7,1.2,0.6,2.6,4.8,21.2,107,119,,knoxke01
342,Kevin Knox,23,DET,SF,42,1,593,6.9,14.6,0.469,3.5,9.5,0.371,3.4,5.1,0.651,0.589,2.1,2.7,0.788,1.6,7.2,8.8,1.2,1.1,1,2.6,6,19.4,109,119,,knoxke01
343,Kevin Knox,23,POR,PF,21,4,359,9.2,20.8,0.444,3,9.5,0.314,6.2,11.3,0.554,0.516,2.7,3.7,0.741,1.9,7.5,9.4,2.4,1.4,0,2.4,2.8,24.1,105,120,,knoxke01
344,Cam Thomas,21,BRK,SG,57,4,948,10.4,23.5,0.441,2.6,6.8,0.383,7.7,16.6,0.464,0.497,7.8,9,0.868,0.4,4.5,4.9,4,1,0.4,3.2,2.8,31.1,108,118,,thomaca02
345,Mike Muscala,31,2TM,C,63,9,945,6.6,14.8,0.449,4.1,10.5,0.391,2.5,4.3,0.588,0.587,2,2.6,0.769,1.9,8.4,10.3,2.5,0.8,1.2,1.2,5,19.4,124,113,,muscami01
346,Mike Muscala,31,OKC,C,43,5,622,6.8,15.5,0.438,4.3,10.8,0.394,2.5,4.7,0.541,0.576,2.4,3,0.795,1.8,8.6,10.3,2.9,0.8,1.5,1.1,5.3,20.2,125,114,,muscami01
347,Mike Muscala,31,BOS,C,20,4,323,6.3,13.4,0.472,3.8,9.8,0.385,2.6,3.6,0.708,0.612,1.4,2,0.692,2.1,8.2,10.3,1.8,0.6,0.8,1.4,4.2,17.8,121,113,,muscami01
348,Maxi Kleber,31,DAL,PF,37,5,930,4.1,9,0.456,2.1,6,0.348,2,3,0.667,0.571,1.4,2,0.711,1.6,5.6,7.2,2.8,0.6,1.6,1.4,4.5,11.8,117,118,,klebima01
349,Yuta Watanabe,28,BRK,SF,58,1,928,6,12.2,0.491,3.2,7.1,0.444,2.8,5.1,0.557,0.621,1.8,2.5,0.723,1.6,5.8,7.4,2.5,1.3,0.9,1.2,4.2,16.9,125,116,,watanyu01
350,Ish Wainright,28,PHO,SF,60,2,915,4.5,12.1,0.37,3,9.2,0.329,1.4,2.9,0.5,0.496,1.4,1.7,0.839,2.4,5,7.4,2.8,2,1.2,1.2,6.2,13.4,114,113,,wainris01
351,Daishen Nix,20,HOU,PG,57,7,914,4.3,12.6,0.342,2.1,7.4,0.286,2.2,5.1,0.423,0.426,1.3,1.9,0.667,1,4.2,5.2,7,1.6,0.4,4.6,3.1,12,88,121,,nixda01
352,Jaylin Williams,20,OKC,C,49,36,914,5.3,12.2,0.436,2.4,5.9,0.407,2.9,6.3,0.463,0.534,2,2.8,0.704,2.3,10.2,12.5,3.9,1.5,0.6,1.9,5.8,15,115,112,,willija07
353,Chris Duarte,25,IND,SF,46,12,897,6.5,17.6,0.369,2.9,9.2,0.316,3.6,8.4,0.428,0.452,3.2,3.8,0.847,1,5.1,6.1,3.4,1.3,0.5,2.2,3.4,19.2,101,120,,duartch01
354,Derrick Jones Jr.,25,CHI,PF,64,0,893,6.3,12.5,0.5,1.5,4.4,0.338,4.8,8.2,0.587,0.559,3.4,4.6,0.738,3.3,5.1,8.3,1.9,1.6,2,1.4,4.7,17.4,122,112,,jonesde02
355,Dean Wade,26,CLE,PF,44,13,891,4.1,10,0.412,2.5,7.1,0.354,1.6,2.8,0.56,0.54,0.8,1.3,0.652,1.1,7.3,8.4,2.1,1.6,1.2,1,5,11.6,113,110,,wadede01
356,Vlatko Čančar,25,DEN,PF,60,9,889,5.9,12.5,0.476,2.4,6.3,0.374,3.6,6.2,0.58,0.57,2.1,2.3,0.927,1.3,5.7,7,4.4,1.2,0.8,2,4.6,16.3,119,116,,cancavl01
357,Nickeil Alexander-Walker,24,2TM,SG,59,3,884,7.1,15.9,0.444,3.3,8.6,0.384,3.8,7.3,0.515,0.547,2.2,3.2,0.667,0.8,4.6,5.4,5.8,1.7,1.1,3,4.7,19.6,109,116,,alexani01
358,Nickeil Alexander-Walker,24,UTA,SG,36,3,528,7.5,15.4,0.488,3.2,7.9,0.402,4.3,7.5,0.578,0.591,2.4,3.5,0.692,0.7,4.6,5.3,6.9,2.2,1.3,4.1,5.2,20.6,111,116,,alexani01
359,Nickeil Alexander-Walker,24,MIN,SG,23,0,356,6.4,16.7,0.384,3.5,9.6,0.361,2.9,7.1,0.415,0.488,1.7,2.8,0.619,0.9,4.7,5.6,4.3,1.1,0.9,1.3,4,18,106,116,,alexani01
360,Bismack Biyombo,30,PHO,C,61,14,874,6.7,11.5,0.578,0,0,,6.7,11.5,0.578,0.578,1.4,3.9,0.357,5,9.6,14.5,3.1,1,4.9,2.9,6.4,14.7,109,108,,biyombi01
361,Goran Dragić,36,2TM,PG,58,0,870,7.9,18.7,0.421,2.9,8.1,0.359,5,10.6,0.468,0.499,1.7,2.5,0.689,0.9,3.6,4.5,8.4,0.7,0.2,3.5,3.6,20.4,103,117,,dragigo01
362,Goran Dragić,36,CHI,PG,51,0,787,7.9,18.5,0.425,2.8,7.9,0.352,5.1,10.6,0.48,0.5,1.7,2.5,0.659,0.8,3.5,4.3,8.6,0.7,0.2,3.5,3.9,20.2,103,117,,dragigo01
363,Goran Dragić,36,MIL,PG,7,0,83,8.1,20.7,0.389,4,9.8,0.412,4,10.9,0.368,0.486,2.3,2.3,1,1.7,5.2,6.9,6.9,1.2,0,4,1.2,22.4,104,115,,dragigo01
364,James Wiseman,21,2TM,C,45,22,867,10.5,18.8,0.558,0.2,1.1,0.2,10.3,17.7,0.58,0.563,3.8,5.4,0.701,4,10.8,14.8,1.7,0.4,1.5,2.8,6,25,112,116,,wisemja01
365,James Wiseman,21,GSW,C,21,0,262,10.6,16.9,0.628,0.2,0.4,0.5,10.5,16.6,0.63,0.633,4.7,6.9,0.684,3.2,9.9,13.2,2.5,0.5,1.3,2.5,7,26.1,123,114,,wisemja01
366,James Wiseman,21,DET,C,24,22,605,10.4,19.6,0.531,0.2,1.4,0.167,10.2,18.2,0.559,0.537,3.4,4.7,0.712,4.4,11.1,15.5,1.3,0.3,1.6,3,5.5,24.4,108,118,,wisemja01
367,Théo Maledon,21,CHO,PG,44,7,854,5.7,14.2,0.402,1.6,5.3,0.295,4.1,8.9,0.465,0.457,3.5,4.1,0.851,0.8,6.1,6.9,8.5,2.1,0.7,3.3,3.4,16.4,105,115,,maledth01
368,Andre Drummond,29,CHI,C,67,0,849,9.5,15.7,0.606,0,0.2,0,9.5,15.5,0.613,0.606,3.8,7.2,0.536,7.9,17.6,25.5,1.9,2.6,1.5,4.3,6.7,22.9,113,103,,drumman01
369,Aaron Holiday,26,ATL,PG,63,6,845,5.2,12.4,0.418,2,5,0.409,3.2,7.4,0.424,0.5,1.5,1.8,0.844,1.4,2.8,4.2,5,2.1,0.7,2,4.5,13.9,110,117,,holidaa01
370,Romeo Langford,23,SAS,SG,43,21,844,6.8,14.5,0.467,0.9,3.4,0.262,5.9,11.1,0.53,0.498,2.2,3.1,0.696,3.2,3.2,6.4,2.8,1.3,0.7,1.7,3.7,16.6,110,122,,langfro01
371,Terence Davis,25,SAC,SG,64,5,841,8.8,20.7,0.423,5.1,13.8,0.366,3.7,6.9,0.537,0.545,1.9,2.4,0.791,1.1,6.8,7.9,3.8,2.4,0.7,3,5.9,24.5,106,114,,daviste02
372,George Hill,36,2TM,SG,46,1,834,4.5,9.5,0.47,1.9,5.4,0.358,2.5,4.1,0.62,0.572,2.4,3.1,0.764,0.9,4,4.9,6.3,1.5,0.3,1.9,3.1,13.3,124,115,,hillge01
373,George Hill,36,MIL,PG,35,0,668,4.2,9.4,0.447,1.6,5.3,0.311,2.6,4.1,0.621,0.534,2.4,3.3,0.739,0.9,3.9,4.8,6.4,1.4,0.2,1.9,2.9,12.5,121,115,,hillge01
374,George Hill,36,IND,SG,11,1,166,5.4,9.7,0.559,3.1,6,0.524,2.3,3.7,0.615,0.721,2.3,2.6,0.889,0.6,4.6,5.1,6,2,0.9,2,4,16.3,138,118,,hillge01
375,Mark Williams,21,CHO,C,43,17,828,9.2,14.4,0.637,0,0,,9.2,14.4,0.637,0.637,3.9,5.6,0.691,5.3,12.1,17.5,1,1.6,2.6,2.3,5.4,22.2,125,110,,willima07
376,Robert Williams,25,BOS,C,35,20,824,7.5,10.1,0.747,0,0.1,0,7.5,10,0.751,0.747,1.5,2.4,0.61,6.2,11.1,17.3,3,1.3,2.8,2,4,16.5,143,107,,williro04
377,Wesley Matthews,36,MIL,SF,52,0,820,3.4,9.3,0.363,2.3,7.2,0.315,1.1,2.1,0.528,0.484,1.4,1.6,0.857,2,4.6,6.6,2,1.2,0.8,1,4.1,10.4,113,114,,matthwe02
378,Moses Moody,20,GSW,SG,63,3,817,6.2,13.1,0.476,2.8,7.8,0.363,3.4,5.3,0.641,0.584,2.1,3.1,0.698,1.6,4.5,6.1,2.9,1,0.4,2,3.1,17.5,116,117,,moodymo01
379,Rudy Gay,36,UTA,PF,56,0,816,6.4,16.8,0.38,1.9,7.6,0.254,4.4,9.2,0.484,0.437,2.5,2.9,0.857,1.9,7.6,9.5,3.3,1.1,1.1,2.2,4,17.2,101,117,,gayru01
380,Ty Jerome,25,GSW,SG,45,2,816,6.8,14,0.488,2,5.2,0.389,4.8,8.8,0.546,0.56,2.2,2.4,0.927,0.4,4.1,4.5,7.8,1.3,0.3,1.7,3.7,17.9,126,117,,jeromty01
381,Jeremiah Robinson-Earl,22,OKC,PF,43,20,814,6.4,14.5,0.444,2.2,6.5,0.333,4.3,8,0.533,0.518,2,2.5,0.833,4.1,6.4,10.5,2.5,1.4,0.6,1.1,4.1,17,121,115,,robinje02
382,Jericho Sims,24,NYK,C,52,16,812,5.1,6.5,0.776,0,0.1,0,5.1,6.5,0.783,0.776,0.7,1,0.75,6,8.7,14.7,1.5,0.9,1.7,1.6,5.8,10.8,146,114,,simsje01
383,Caleb Houstan,20,ORL,SF,51,4,812,3.9,10.8,0.363,2.7,8.1,0.338,1.2,2.7,0.435,0.489,0.9,1.1,0.833,2,3.9,5.9,1.8,0.7,0.4,1.1,3.7,11.5,108,118,,houstca01
384,Danuel House Jr.,29,PHI,SF,56,5,807,5.7,12.1,0.472,2.3,6.8,0.336,3.4,5.3,0.644,0.566,2.8,3.7,0.75,0.6,5.2,5.8,2.7,0.9,0.6,1.6,4.2,16.5,115,116,,houseda01
385,Landry Shamet,25,PHO,SG,40,9,807,6.8,18.2,0.377,4.5,12.1,0.377,2.3,6.1,0.376,0.502,2.7,3.1,0.882,0.7,3.4,4.1,5.6,1.6,0.3,2.2,3.7,21,111,116,,shamela01
386,Dario Šarić,28,2TM,C,57,12,806,7.6,16.6,0.458,2.7,6.9,0.391,4.9,9.7,0.506,0.54,3.8,4.6,0.829,3.2,9.2,12.4,4.4,1.2,0.4,3.3,5.9,21.7,113,113,,saricda01
387,Dario Šarić,28,PHO,PF,37,12,533,7,16.3,0.427,2.5,6.3,0.391,4.5,10,0.45,0.503,3.3,4,0.818,3.6,9.4,13,5.2,1.2,0.5,3.3,6.3,19.7,110,113,,saricda01
388,Dario Šarić,28,OKC,C,20,0,273,8.9,17.2,0.515,3.1,8,0.391,5.7,9.2,0.623,0.606,4.7,5.6,0.844,2.4,8.9,11.3,3,1.2,0.3,3.3,5.2,25.6,119,114,,saricda01
389,Luke Kornet,27,BOS,C,69,0,804,6.9,10.3,0.665,0.2,0.8,0.231,6.7,9.5,0.701,0.674,1.9,2.4,0.821,5.2,6.7,11.9,3.2,0.7,2.8,1.5,4.9,15.8,143,111,,kornelu01
390,Christian Koloko,22,TOR,C,58,19,802,4.4,9.2,0.48,0.1,0.7,0.083,4.4,8.5,0.514,0.483,2.3,3.6,0.627,5.2,5.4,10.5,1.9,1.3,3.5,1.2,7.9,11.2,119,113,,kolokch01
391,Khris Middleton,31,MIL,SF,33,19,801,10.6,24.2,0.436,3,9.7,0.315,7.5,14.5,0.516,0.499,5.5,6.1,0.902,1.7,6.7,8.3,9.7,1.4,0.3,4.2,4.1,29.6,113,113,,middlkh01
392,JaMychal Green,32,GSW,PF,57,1,797,8.1,14.9,0.54,2.5,6.6,0.378,5.6,8.4,0.667,0.623,3.1,4,0.776,4.3,7.9,12.1,3,1.5,1.4,3.1,6.2,21.7,121,113,,greenja01
393,Thaddeus Young,34,TOR,PF,54,9,795,6.7,12.3,0.545,0.4,2.1,0.176,6.3,10.2,0.622,0.561,1.1,1.6,0.692,4.4,5.9,10.3,4.7,3.4,0.3,2.6,5.5,14.9,117,112,,youngth01
394,Bryce McGowens,20,CHO,SG,46,7,787,4.8,12.2,0.396,1.6,4.8,0.325,3.3,7.4,0.443,0.46,3.6,4.8,0.75,1.2,4.4,5.6,3.3,0.9,0.4,2.6,2.9,14.9,100,119,,mcgowbr01
395,Josh Christopher,21,HOU,SG,64,2,786,9.4,20.3,0.465,1.3,5.5,0.236,8.1,14.8,0.55,0.497,2.8,3.7,0.75,1.2,3.1,4.4,4.5,2,0.9,3.7,3.6,22.9,102,120,,chrisjo01
396,Robert Covington,32,LAC,PF,48,0,779,6.4,14.4,0.445,3.4,8.6,0.397,3,5.8,0.516,0.563,1.9,2.5,0.75,1.9,8.5,10.4,3.6,2.4,2.1,2,5.4,18.1,116,110,,covinro01
397,Justise Winslow,26,POR,PF,29,11,776,5.1,12.4,0.409,0.9,2.8,0.311,4.2,9.6,0.438,0.444,1.3,1.8,0.714,3.1,6,9.1,6.2,1.9,0.7,2.7,5.6,12.3,104,118,,winslju01
398,Mo Bamba,24,2TM,C,49,7,769,7.3,15.1,0.485,3,7.8,0.387,4.3,7.3,0.59,0.585,2.6,3.9,0.661,3.6,10.5,14.1,2.9,0.8,2.7,1.9,6.6,20.3,121,111,,bambamo01
399,Mo Bamba,24,ORL,C,40,6,681,7.5,15.2,0.495,3.1,7.7,0.398,4.5,7.5,0.594,0.596,2.5,3.6,0.686,3.3,9.7,13.1,3,0.9,2.7,1.6,6.1,20.6,125,112,,bambamo01
400,Mo Bamba,24,LAL,C,9,1,88,5.9,14.5,0.407,2.7,8.6,0.313,3.2,5.9,0.545,0.5,3.2,5.9,0.545,5.9,16.2,22.1,2.2,0.5,2.7,4.3,10.2,17.8,100,108,,bambamo01
401,Simone Fontecchio,27,UTA,SF,52,6,766,7.2,19.5,0.369,3.9,11.9,0.33,3.2,7.5,0.43,0.47,2.2,2.7,0.795,1.9,3.4,5.4,2.6,0.9,0.5,2.4,3.9,20.5,101,120,,fontesi01
402,Miles McBride,22,NYK,PG,64,2,760,5,14,0.358,2.6,8.7,0.299,2.4,5.3,0.457,0.451,1.8,2.7,0.667,0.8,2.4,3.3,4.7,2.4,0.5,1.6,3.9,14.4,106,116,,mcbrimi01
403,Paul Reed,23,PHI,C,69,2,755,8.1,13.7,0.593,0.1,0.4,0.167,8.1,13.3,0.606,0.596,2.5,3.3,0.745,7.3,9.8,17.2,1.8,3,3.3,3,8.1,18.8,122,105,,reedpa01
404,John Wall,32,LAC,PG,34,3,755,9,21.9,0.408,2.1,7.1,0.303,6.8,14.9,0.459,0.457,5,7.3,0.681,0.9,5.1,6,11.5,1.8,0.8,5.2,3.8,25,102,115,,walljo01
405,R.J. Hampton,21,2TM,SG,47,3,750,6.6,15.3,0.43,2.6,7.5,0.353,3.9,7.8,0.504,0.517,3.7,4.9,0.75,1.2,4.5,5.6,3.5,1.7,0.6,2.7,3.3,19.5,107,118,,hamptrj01
406,R.J. Hampton,21,ORL,SG,26,0,361,6.7,15.3,0.439,2.4,7.1,0.34,4.3,8.2,0.525,0.518,4.2,5,0.838,1.2,4,5.2,4.6,2.1,0.5,2.8,2.9,19.9,111,115,,hamptrj01
407,R.J. Hampton,21,DET,SG,21,3,389,6.5,15.3,0.423,2.9,7.8,0.365,3.6,7.5,0.483,0.516,3.2,4.9,0.667,1.1,4.9,6,2.5,1.4,0.6,2.6,3.6,19.1,103,120,,hamptrj01
408,Edmond Sumner,27,BRK,SG,53,12,736,8.2,17.8,0.461,2.1,5.8,0.356,6.2,12.1,0.511,0.519,6.6,7.2,0.917,0.9,4.4,5.2,4.5,2.1,0.7,3.3,5.5,25.1,112,115,,sumneed01
409,Zeke Nnaji,22,DEN,PF,53,5,728,7.4,13.2,0.561,1.1,4.4,0.262,6.2,8.8,0.71,0.605,2.7,4.2,0.645,4.4,4.9,9.3,1.2,1.1,1.5,2.1,7.1,18.6,120,115,,nnajize01
410,Jaden Hardy,20,DAL,SG,48,5,708,10.3,23.4,0.438,4.4,11,0.404,5.8,12.4,0.469,0.533,4.6,5.5,0.823,0.8,5.5,6.2,4.6,1.2,0.5,3.2,4.5,29.5,108,118,,hardyja02
411,Justin Holiday,33,2TM,SF,46,2,706,5.3,14,0.377,3.2,9.8,0.322,2.1,4.2,0.508,0.49,0.3,0.5,0.625,0.3,3.4,3.8,2.8,1.3,1.3,1.5,4.7,14.1,99,118,,holidju01
412,Justin Holiday,33,ATL,SF,28,0,411,5.6,14.5,0.384,3.5,10.1,0.345,2.1,4.4,0.474,0.504,0,0,,0.2,2.4,2.7,2.9,0.6,1.2,1.4,4.3,14.6,102,120,,holidju01
413,Justin Holiday,33,DAL,SF,18,2,295,4.9,13.3,0.367,2.7,9.4,0.286,2.2,3.9,0.565,0.468,0.8,1.3,0.625,0.5,4.9,5.4,2.7,2.4,1.5,1.7,5.2,13.3,94,114,,holidju01
414,MarJon Beauchamp,22,MIL,SF,52,11,701,6.5,16.6,0.395,3.2,9.7,0.331,3.3,6.9,0.485,0.492,1.8,2.5,0.73,2.6,5.2,7.8,2.4,1.4,0.5,3.1,4.8,18.1,99,113,,beaucma01
415,Aleksej Pokusevski,21,OKC,PF,34,25,701,7.3,16.9,0.434,2.6,7,0.365,4.7,9.8,0.483,0.51,1.5,2.4,0.629,3,7.7,10.8,4.3,1.4,2.9,2.9,3.9,18.7,105,112,,pokusal01
416,Juan Toscano-Anderson,29,2TM,SF,52,9,700,4.3,9.7,0.448,0.5,2.9,0.186,3.8,6.8,0.56,0.476,1.3,1.6,0.792,1.9,6.5,8.4,4.4,1.1,0.7,2.3,5.4,10.5,104,116,,toscaju01
417,Juan Toscano-Anderson,29,LAL,SF,30,7,365,4.3,8.6,0.5,0.5,2.6,0.2,3.8,6,0.63,0.53,1.4,1.9,0.733,1.8,6.1,7.9,3.2,1.3,0.9,2.2,6,10.5,107,114,,toscaju01
418,Juan Toscano-Anderson,29,UTA,SF,22,2,335,4.4,11,0.403,0.6,3.3,0.174,3.8,7.7,0.5,0.429,1.1,1.3,0.889,2,7,9,5.7,0.9,0.4,2.4,4.8,10.6,102,118,,toscaju01
419,Malachi Flynn,24,TOR,PG,53,2,691,6.2,17.3,0.36,3.4,9.5,0.353,2.9,7.8,0.367,0.457,1.8,2.4,0.758,1.1,4.4,5.4,5,1.5,0.3,1.8,4.7,17.6,105,117,,flynnma01
420,Duncan Robinson,28,MIA,SF,42,1,691,6.4,17.1,0.371,4.5,13.9,0.328,1.8,3.2,0.556,0.504,2.1,2.3,0.906,0.6,4.4,5,3.3,1,0,2,5.6,19.3,105,117,,robindu01
421,Chimezie Metu,25,SAC,PF,66,0,689,9,15.2,0.589,0.6,2.6,0.237,8.3,12.6,0.663,0.61,3.8,5.1,0.74,3.3,10.5,13.8,2.8,1.5,1.5,2.2,5.6,22.3,124,113,,metuch01
422,T.J. Warren,29,2TM,PF,42,0,687,9.4,19.2,0.489,1.6,4.8,0.328,7.8,14.4,0.542,0.53,2,2.5,0.8,1.8,6.8,8.6,2.8,1.6,0.9,1.4,4.6,22.3,111,114,,warretj01
423,T.J. Warren,29,BRK,PF,26,0,490,10.2,19.9,0.51,1.6,4.8,0.333,8.6,15.1,0.566,0.55,2.7,3.3,0.818,1.3,5.9,7.2,2.9,1.5,0.7,1.7,4.5,24.6,112,115,,warretj01
424,T.J. Warren,29,PHO,SF,16,0,197,7.4,17.4,0.429,1.5,4.7,0.316,6,12.7,0.471,0.471,0.2,0.5,0.5,3.2,8.9,12.2,2.7,1.7,1.2,0.7,5,16.6,108,111,,warretj01
425,Garrison Mathews,26,2TM,SG,54,0,686,5.1,14.2,0.363,4.4,12.7,0.35,0.7,1.5,0.476,0.52,3.4,3.7,0.906,0.8,4.4,5.1,1.8,1.7,0.4,1.3,4.4,18.1,119,121,,mathega01
426,Garrison Mathews,26,HOU,SG,45,0,602,4.8,13.7,0.353,4.3,12.5,0.342,0.6,1.2,0.467,0.509,3.3,3.6,0.911,0.8,4.2,5,1.9,1.9,0.3,1.4,4.5,17.2,117,121,,mathega01
427,Garrison Mathews,26,ATL,SG,9,0,84,7.4,17.6,0.419,5.7,14.2,0.4,1.7,3.4,0.5,0.581,4,4.5,0.875,0.6,5.7,6.2,1.7,0.6,0.6,0.6,3.4,24.4,129,119,,mathega01
428,Montrezl Harrell,29,PHI,C,57,7,681,9.1,15.2,0.598,0,0.4,0,9.1,14.8,0.616,0.598,5.1,7.3,0.693,4.9,6.7,11.6,2.4,1.2,1.8,2.5,5.5,23.3,124,113,,harremo01
429,Jordan McLaughlin,26,MIN,PG,43,0,678,4.3,10.2,0.421,1.7,5.5,0.308,2.6,4.7,0.552,0.503,1.1,1.3,0.833,1.1,3.3,4.3,10.4,2.2,0.3,2.3,2,11.3,118,115,,mclaujo01
430,Jae'Sean Tate,27,HOU,SF,31,7,677,7.9,16.4,0.48,0.9,3.3,0.283,6.9,13.1,0.53,0.509,3.6,4.9,0.725,2.9,5.5,8.4,6,1.5,0.5,3.4,7.6,20.3,111,120,,tateja01
431,Blake Wesley,19,SAS,SG,37,1,669,4.9,15.2,0.321,1.4,3.7,0.385,3.5,11.5,0.301,0.367,1.8,3.1,0.591,0.8,4.9,5.7,6.9,1.8,0.4,4.6,4.7,13,80,120,,weslebl01
432,Sandro Mamukelashvili,23,2TM,C,43,7,660,7,16.5,0.422,2.2,7.1,0.303,4.8,9.4,0.511,0.487,2.8,4.1,0.684,5,8.3,13.3,4.5,1,0.9,2.5,3.7,18.9,111,117,,mamuksa01
433,Sandro Mamukelashvili,23,MIL,C,24,0,217,4.2,12.8,0.328,1.5,7,0.219,2.6,5.7,0.462,0.388,2.6,4,0.667,4,8.4,12.3,3.5,0.9,1.1,2,4.2,12.5,102,112,,mamuksa01
434,Sandro Mamukelashvili,23,SAS,C,19,7,443,8.3,18.3,0.453,2.5,7.1,0.343,5.9,11.2,0.524,0.52,2.9,4.2,0.692,5.5,8.2,13.8,4.9,1.1,0.7,2.8,3.5,22,114,120,,mamuksa01
435,Eugene Omoruyi,25,2TM,SF,40,6,645,7.5,17,0.443,1.9,6.6,0.281,5.7,10.4,0.547,0.498,3.8,5.6,0.68,3.2,5.1,8.3,2.1,2.1,0.2,2.5,6.8,20.7,106,117,,omorueu01
436,Eugene Omoruyi,25,OKC,SF,23,2,272,7.7,16.4,0.468,1.4,5.4,0.258,6.3,11,0.571,0.511,3,4.9,0.607,3.8,5.2,9.1,1.9,2.4,0,2.8,8,19.7,105,114,,omorueu01
437,Eugene Omoruyi,25,DET,SF,17,4,373,7.4,17.4,0.425,2.2,7.5,0.293,5.2,9.9,0.526,0.489,4.4,6.1,0.723,2.7,4.9,7.7,2.2,1.8,0.4,2.3,5.8,21.4,107,119,,omorueu01
438,Payton Pritchard,25,BOS,PG,48,3,643,7.7,18.6,0.412,4.2,11.7,0.364,3.4,6.9,0.495,0.527,0.9,1.2,0.75,1.9,4.8,6.7,4.9,1.1,0.1,3,2.8,20.5,105,115,,pritcpa01
439,Amir Coffey,25,LAC,SF,50,9,625,4.4,11.4,0.386,0.9,3.1,0.275,3.5,8.2,0.429,0.424,3.8,4.9,0.778,1.3,2.8,4.2,4.2,0.5,0.4,1.6,3.9,13.5,108,120,,coffeam01
440,Anthony Gill,30,WAS,PF,59,8,624,5.5,10.3,0.538,0.3,2.3,0.138,5.2,8,0.65,0.553,3.8,5.2,0.731,2.9,4.8,7.7,2.7,0.5,0.9,1.2,5.5,15.2,127,119,,gillan01
441,Jabari Walker,20,POR,SF,56,0,619,6.5,15.6,0.419,1.3,4.4,0.286,5.3,11.2,0.472,0.46,2.7,3.5,0.756,3.8,6.5,10.3,2.7,0.8,1,2.3,5.4,17,104,120,,walkeja01
442,Darius Bazley,22,2TM,C,43,1,616,6.4,14.2,0.454,1.5,4.1,0.377,4.9,10.1,0.485,0.508,2.9,5.4,0.543,2.6,8,10.7,2.9,1.7,2.6,2.1,3.4,17.3,107,111,,bazleda01
443,Darius Bazley,22,OKC,C,36,1,555,6.1,13.5,0.449,1.5,3.9,0.4,4.5,9.7,0.469,0.506,3.1,5.6,0.554,2.5,8,10.4,2.7,1.6,2.5,1.9,3,16.8,108,111,,bazleda01
444,Darius Bazley,22,PHO,C,7,0,61,9.6,20,0.48,1.6,6.4,0.25,8,13.6,0.588,0.52,1.6,4,0.4,4,8.8,12.8,4.8,2.4,4,4,7.2,22.4,101,106,,bazleda01
445,Juancho Hernangómez,27,TOR,PF,42,10,614,3.9,9.2,0.421,1.4,5.4,0.254,2.5,3.8,0.66,0.496,0.7,1.3,0.563,2.2,7.7,9.9,2,1.3,0.5,1.2,3.5,9.8,108,115,,hernaju01
446,Jaxson Hayes,22,NOP,C,47,2,610,6.8,12.4,0.551,0.2,2.3,0.103,6.6,10.1,0.654,0.561,4.6,6.6,0.699,3.1,7.4,10.5,2.7,1.6,1.5,2.5,5.3,18.5,117,111,,hayesja02
447,Frank Ntilikina,24,DAL,SG,47,5,607,3.9,10.8,0.364,1.4,5.5,0.254,2.5,5.3,0.477,0.428,1.8,2.7,0.667,0.6,4.5,5.1,4.7,1.3,0.6,2.4,5.3,11.1,94,118,,ntilila01
448,DeAndre Jordan,34,DEN,C,39,8,586,7.3,9.6,0.765,0.1,0.1,1,7.3,9.5,0.763,0.77,1.8,4,0.458,4.3,12.5,16.9,2.8,1,1.9,4,5.9,16.6,116,111,,jordade01
449,Blake Griffin,33,BOS,C,41,16,569,5.4,11.1,0.485,2,5.7,0.348,3.4,5.5,0.625,0.573,1.8,2.7,0.656,4,9.3,13.3,5.2,1.2,0.8,1.9,6.4,14.6,127,111,,griffbl01
450,Ousmane Dieng,19,OKC,PF,39,1,569,6.3,15.1,0.42,2.2,8.2,0.265,4.2,6.9,0.602,0.492,1.3,1.9,0.652,1.6,7.2,8.8,3.8,1.2,0.6,2.2,3.5,16.1,103,115,,diengou01
451,Kris Dunn,28,UTA,PG,22,3,568,9.8,18.2,0.537,1.4,3,0.472,8.3,15.1,0.55,0.576,3.4,4.5,0.774,0.8,7.7,8.4,10.4,2.1,0.8,2.9,4.9,24.4,125,114,,dunnkr01
452,Patty Mills,34,BRK,PG,40,2,567,7.4,18,0.411,4.2,11.5,0.366,3.2,6.5,0.493,0.529,2.2,2.6,0.833,0.7,3.1,3.8,4.8,1.3,0.3,2.6,2.8,21.2,106,118,,millspa02
453,Ricky Rubio,32,CLE,PG,33,2,566,5.4,15.8,0.343,1.9,7.3,0.256,3.5,8.5,0.417,0.402,2.5,3.1,0.8,0.8,5.4,6.2,10.2,2.3,0.5,2.7,4.5,15.2,103,110,,rubiori01
454,Ziaire Williams,21,MEM,SF,37,4,561,7.1,16.6,0.429,2.1,8.2,0.258,5,8.4,0.596,0.492,1.4,1.9,0.773,1.4,5.3,6.7,3,1.2,0.5,3.1,4.9,17.8,97,114,,willizi02
455,Day'Ron Sharpe,21,BRK,C,48,3,552,8.2,15.1,0.544,0.5,1,0.545,7.7,14.1,0.544,0.561,3.1,4.9,0.636,8.8,8.9,17.7,3.3,1.3,2.8,3.7,7.9,20.1,118,111,,sharpda01
456,Kai Jones,22,CHO,C,46,0,550,5.8,10.4,0.558,0.3,1.6,0.211,5.5,8.7,0.624,0.575,1.6,2.3,0.731,3.2,7.4,10.6,1.3,1.5,2.6,2.7,5.6,13.6,106,113,,joneska01
457,Lindy Waters III,25,OKC,SG,41,0,531,6.3,15.9,0.393,5.2,14.5,0.358,1.1,1.4,0.75,0.556,1.4,1.8,0.8,1.4,5.3,6.7,2.5,1.3,1,0.9,3.8,19.1,120,116,,waterli01
458,Rodney McGruder,31,DET,SG,32,12,524,5.7,14.1,0.408,3.8,9,0.423,1.9,5.1,0.382,0.543,1.7,2,0.818,1.8,5,6.8,2.6,1.5,0.1,1,3.6,16.9,119,121,,mcgruro01
459,Chuma Okeke,24,ORL,SF,27,8,518,4,11.4,0.352,2.4,8,0.302,1.6,3.4,0.472,0.459,1.5,2,0.762,2.4,6.5,9,3.5,1.8,1,1.6,3.7,11.9,107,114,,okekech01
460,James Bouknight,22,CHO,SG,34,0,515,6.4,17.8,0.358,3.1,10.1,0.303,3.3,7.8,0.429,0.443,1.8,2.8,0.667,0.7,5.9,6.7,3.8,1.3,0.5,3,4.5,17.7,90,117,,bouknja01
461,Max Christie,19,LAL,SG,41,3,512,4.1,9.8,0.415,2.4,5.7,0.419,1.7,4.1,0.409,0.538,1.3,1.5,0.875,0.6,6.3,6.9,1.9,0.8,0.6,1.2,3.1,11.8,111,116,,chrisma02
462,Charles Bassey,22,SAS,C,35,2,508,8.1,12.6,0.644,0.3,0.7,0.375,7.8,11.8,0.661,0.656,2,3.4,0.595,7,11,17.9,4.5,1.5,3.1,3.8,6.9,18.5,120,114,,bassech01
463,Raul Neto,30,CLE,PG,48,1,505,5.7,10.9,0.518,1.2,4.2,0.286,4.5,6.8,0.662,0.573,3.1,3.4,0.912,1,3.6,4.6,7.8,1.7,0.4,2.4,4.9,15.6,126,113,,netora01
464,Dāvis Bertāns,30,DAL,PF,45,1,492,7,16.2,0.431,5.6,14.2,0.39,1.4,1.9,0.737,0.603,1.3,1.5,0.867,1,4.3,5.4,2.1,1.1,0.8,1,5.4,20.8,120,118,,bertada01
465,Taj Gibson,37,WAS,C,49,2,480,6.6,12.7,0.52,0.8,2.4,0.333,5.8,10.2,0.564,0.552,3,4.3,0.714,3.2,6.2,9.4,3.4,1.5,1.2,2.6,8.5,17,114,115,,gibsota01
466,Javonte Green,29,CHI,SF,32,1,480,6.2,11,0.565,1.3,3.6,0.371,4.9,7.4,0.658,0.625,3,4.6,0.667,2.7,6.2,8.9,2.3,2.4,2.1,2,5.3,16.7,122,109,,greenja02
467,Damian Jones,27,2TM,C,41,1,477,5.5,8.6,0.64,1,1.7,0.588,4.5,6.9,0.652,0.698,2.2,2.9,0.759,4.2,8,12.2,1.5,0.8,2.1,2.3,5.5,14.2,128,115,,jonesda03
468,Damian Jones,27,LAL,C,22,1,176,5.4,10,0.541,0,0.8,0,5.4,9.2,0.588,0.541,4,5.4,0.75,4.8,10,14.8,1.1,0.8,3.2,2.4,4.6,14.8,117,110,,jonesda03
469,Damian Jones,27,UTA,C,19,0,301,5.6,7.8,0.714,1.6,2.2,0.714,4,5.6,0.714,0.816,1.1,1.4,0.778,3.8,6.8,10.6,1.7,0.8,1.4,2.2,6,13.8,137,117,,jonesda03
470,Isaiah Roby,24,SAS,PF,42,2,474,6.7,15.4,0.432,1.8,6,0.3,4.9,9.5,0.516,0.49,2,4.1,0.488,2.1,8.6,10.7,3.8,1.8,0.7,3.1,5.3,17.1,97,118,,robyis01
471,Stanley Johnson,26,SAS,SF,30,0,469,6.5,12.3,0.533,1.8,4,0.45,4.7,8.3,0.573,0.607,2.6,3.9,0.667,2.2,7.4,9.6,6.7,1.6,0.6,3.3,4.8,17.5,117,119,,johnsst04
472,Svi Mykhailiuk,25,2TM,SF,32,8,468,7.9,17.7,0.445,4.3,10.1,0.424,3.6,7.6,0.473,0.566,2.7,4,0.667,1.5,3.9,5.4,5.4,1.5,0.4,2.4,2.3,22.7,115,118,,mykhasv01
473,Svi Mykhailiuk,25,NYK,SF,13,0,40,7.4,14.8,0.5,7.4,12.4,0.6,0,2.5,0,0.75,3.7,6.2,0.6,0,8.6,8.6,1.2,1.2,0,2.5,1.2,25.9,128,115,,mykhasv01
474,Svi Mykhailiuk,25,CHO,SF,19,8,428,7.9,17.9,0.441,4,9.9,0.404,3.9,8,0.486,0.553,2.6,3.8,0.676,1.7,3.4,5.1,5.8,1.6,0.4,2.4,2.4,22.4,114,118,,mykhasv01
475,Evan Fournier,30,NYK,SG,27,7,459,6,17.9,0.337,3.8,12.3,0.307,2.3,5.6,0.404,0.443,1.9,2.3,0.857,0.4,4.8,5.3,3.9,1.7,0.3,2.4,5,17.8,98,116,,fournev01
476,Willy Hernangómez,28,NOP,C,38,2,458,9.4,17.9,0.527,0.3,1.2,0.273,9.1,16.7,0.544,0.536,8.6,11,0.779,6.1,12.9,19,3.5,1.8,1.4,4.1,6.8,27.7,118,108,,hernawi01
477,Kevon Harris,25,ORL,SG,34,0,457,5,11.3,0.439,1.7,4.5,0.372,3.3,6.8,0.484,0.514,3.3,4.3,0.756,3,4.4,7.4,1.7,1.8,0.5,2.2,5.6,14.9,110,115,,harrike01
478,Goga Bitadze,23,2TM,C,38,1,457,7.2,13.1,0.552,0.6,2.7,0.231,6.6,10.4,0.636,0.576,2.4,4.4,0.548,6.4,8,14.4,4.1,1.7,2.7,2.3,6.7,17.5,123,112,,bitadgo01
479,Goga Bitadze,23,IND,C,21,0,202,6.3,12.2,0.519,0.9,3.3,0.286,5.4,8.9,0.605,0.558,2.6,5.6,0.458,5.9,5.6,11.5,4.2,2.1,2.4,2.8,8,16.2,115,115,,bitadgo01
480,Goga Bitadze,23,ORL,C,17,1,255,8,13.8,0.575,0.4,2.3,0.167,7.6,11.6,0.656,0.589,2.3,3.4,0.667,6.8,9.9,16.7,4,1.3,3,1.9,5.7,18.6,129,110,,bitadgo01
481,Admiral Schofield,25,ORL,PF,37,0,451,5.9,13.1,0.451,2.6,7.9,0.324,3.3,5.1,0.646,0.549,2.3,2.5,0.913,2.5,4.2,6.6,3.3,0.9,0.5,1.7,6.5,16.6,120,117,,schofad01
482,TyTy Washington Jr.,21,HOU,PG,31,2,433,6.5,17.9,0.363,2.1,9,0.238,4.4,9,0.488,0.422,1.1,2,0.556,0.2,4.8,5,5.3,1.7,0.2,1.6,3.2,16.2,99,121,,washity02
483,Dewayne Dedmon,33,2TM,C,38,1,426,9,17.7,0.51,1.4,4.6,0.308,7.6,13.1,0.58,0.55,3.9,5.7,0.673,4,11.7,15.7,3,1.1,2.2,2.9,8.8,23.3,112,110,,dedmode01
484,Dewayne Dedmon,33,MIA,C,30,0,350,9.1,18.4,0.496,1.6,5.3,0.297,7.6,13.1,0.576,0.539,4.6,6.3,0.727,4,11.5,15.5,2.3,1,2,2.7,8.7,24.4,113,110,,dedmode01
485,Dewayne Dedmon,33,PHI,C,8,1,76,8.5,14.3,0.591,0.7,1.3,0.5,7.8,13,0.6,0.614,0.7,3.3,0.2,3.9,12.4,16.3,6.5,1.3,3.3,3.9,9.1,18.3,110,108,,dedmode01
486,Orlando Robinson,22,MIA,C,31,1,425,5.5,10.4,0.528,0,0.7,0,5.5,9.7,0.566,0.528,2.6,3.6,0.71,5.6,9.2,14.8,2.9,1.4,1.4,1.9,6.2,13.6,122,111,,robinor01
487,Johnny Davis,20,WAS,SG,28,5,423,7.6,19.7,0.386,2,8.1,0.243,5.6,11.6,0.485,0.436,1.6,3.1,0.519,1.2,6.3,7.5,3.2,1.2,0.9,2,5.5,18.8,92,117,,davisjo06
488,Keon Johnson,20,POR,SG,40,0,416,7.8,20.8,0.376,3.3,9.5,0.346,4.6,11.4,0.402,0.455,3.2,4.8,0.659,1.3,3.9,5.2,6.9,2.2,0.7,5,5,22.1,93,119,,johnske07
489,Jake LaRavia,21,MEM,PF,35,0,414,4.2,10.9,0.389,2.8,8.1,0.338,1.5,2.8,0.542,0.516,0.8,1,0.778,2.2,5,7.2,2.4,1.4,0.5,2.1,5.6,12,105,114,,laravja01
490,Dominick Barlow,19,SAS,PF,28,0,408,5.3,10,0.535,0,0.5,0,5.3,9.5,0.561,0.535,2.1,2.9,0.72,5.3,6.5,11.8,2.8,1.2,2.2,1.7,6.5,12.7,121,119,,barlodo01
491,Bruno Fernando,24,2TM,C,39,4,405,7.1,13.4,0.527,0,0.5,0,7.1,12.9,0.546,0.527,4.2,6,0.7,6.5,9.9,16.4,3.7,0.7,4.1,3,8.8,18.3,118,115,,fernabr01
492,Bruno Fernando,24,HOU,C,31,4,364,6.4,12.4,0.516,0,0.1,0,6.4,12.3,0.522,0.516,4,5.9,0.682,6.4,9.9,16.2,4,0.8,4.1,2.7,9.1,16.8,119,115,,fernabr01
493,Bruno Fernando,24,ATL,C,8,0,41,12.8,22.1,0.579,0,3.5,0,12.8,18.6,0.688,0.579,5.8,7,0.833,7,10.5,17.4,1.2,0,3.5,5.8,7,31.4,110,114,,fernabr01
494,Cade Cunningham,21,DET,PG,12,12,400,11.3,27.1,0.415,2.1,7.4,0.279,9.2,19.7,0.466,0.453,4.4,5.2,0.837,1.5,7.5,9,8.7,1.2,0.8,4.7,4.1,29,100,119,,cunnica01
495,Ish Smith,34,DEN,PG,43,0,398,6.4,16.1,0.397,0.2,1.5,0.167,6.1,14.6,0.42,0.405,0.2,0.5,0.5,0.6,6,6.6,12.3,1,0.9,5.4,4.1,13.3,89,116,,smithis01
496,Duane Washington Jr.,22,PHO,SG,31,3,394,11.7,31.8,0.367,5,13.8,0.36,6.7,18,0.372,0.445,2,3,0.667,0.2,4.2,4.5,7.8,0.7,0.5,4.2,2.9,30.3,93,117,,washidu02
497,Kessler Edwards,22,2TM,SF,36,4,385,4.5,11.6,0.387,2.1,6.9,0.309,2.4,4.7,0.5,0.478,1.4,1.9,0.733,2.9,4.7,7.6,2.9,1.7,0.7,1.6,5,12.5,108,117,,edwarke02
498,Kessler Edwards,22,BRK,SF,14,1,79,3.7,14.8,0.25,1.2,7.4,0.167,2.5,7.4,0.333,0.292,0.6,1.2,0.5,3.7,4.9,8.7,1.2,1.9,0.6,2.5,1.9,9.3,71,115,,edwarke02
499,Kessler Edwards,22,SAC,SF,22,3,306,4.7,10.8,0.435,2.3,6.7,0.349,2.3,4.1,0.577,0.543,1.6,2,0.769,2.7,4.7,7.3,3.3,1.7,0.8,1.4,5.8,13.3,120,117,,edwarke02
500,Saben Lee,23,2TM,PG,25,1,373,6.4,15.9,0.405,1.4,3.9,0.367,5,11.9,0.418,0.45,5.5,7.5,0.737,1.7,4.2,5.9,8.8,2.5,0.1,3.1,4.2,19.8,111,113,,leesa01
501,Saben Lee,23,PHI,PG,2,0,10,14.9,19.8,0.75,0,5,0,14.9,14.9,1,0.75,0,0,,0,0,0,9.9,5,0,14.9,5,29.7,86,111,,leesa01
502,Saben Lee,23,PHO,PG,23,1,363,6.2,15.8,0.393,1.5,3.9,0.379,4.7,11.8,0.398,0.44,5.7,7.7,0.737,1.8,4.3,6.1,8.8,2.4,0.1,2.8,4.2,19.5,112,114,,leesa01
503,Gary Payton II,30,2TM,SG,22,1,367,5.4,9.1,0.594,1.7,3.4,0.5,3.7,5.7,0.651,0.688,0.8,0.9,0.857,3.2,5.9,9.1,3.9,2.9,0.7,2.1,5.7,13.3,131,115,,paytoga02
504,Gary Payton II,30,POR,SG,15,1,255,4.6,7.8,0.585,1.7,3.2,0.529,2.9,4.6,0.625,0.695,0.8,0.8,1,1.9,5.5,7.4,4.2,3.1,0.2,2.3,5.5,11.7,126,116,,paytoga02
505,Gary Payton II,30,GSW,SG,7,0,112,7.2,11.8,0.607,1.7,3.8,0.444,5.5,8,0.684,0.679,0.8,1.3,0.667,5.9,6.7,12.7,3.4,2.5,1.7,1.7,5.9,16.9,138,111,,paytoga02
506,Udoka Azubuike,23,UTA,C,36,4,359,7.9,9.6,0.819,0,0,,7.9,9.6,0.819,0.819,0.9,2.7,0.35,4.1,11.7,15.8,1.5,0.8,2,2.4,4.5,16.6,131,114,,azubuud01
507,Gorgui Dieng,33,SAS,C,31,1,358,5.9,15.4,0.385,2.8,9.9,0.28,3.2,5.5,0.571,0.474,1.3,1.7,0.769,3.6,10.6,14.1,7,0.5,1.8,4.2,7.5,16,100,118,,dienggo01
508,JaVale McGee,35,DAL,C,42,7,355,11.2,17.5,0.64,0.3,0.7,0.4,10.9,16.8,0.65,0.648,3.4,5.7,0.585,4.2,10.8,15,1.5,0.6,3.6,5,7.6,26,108,112,,mcgeeja01
509,Markieff Morris,33,2TM,PF,35,2,355,6.5,15.9,0.409,3.9,9.8,0.394,2.6,6.1,0.432,0.53,1.4,1.4,1,1.8,8,9.8,4.3,1.2,0.7,2.5,6.6,18.2,108,115,,morrima02
510,Markieff Morris,33,BRK,PF,27,1,285,5.7,14,0.402,3.4,8.4,0.408,2.2,5.7,0.394,0.524,1.7,1.7,1,2.2,7.9,10.1,4.3,1.4,0.9,2.4,5.7,16.4,110,114,,morrima02
511,Markieff Morris,33,DAL,PF,8,1,70,9.9,23.4,0.424,5.7,15.6,0.364,4.3,7.8,0.545,0.545,0,0,,0,8.5,8.5,4.3,0.7,0,2.8,10.7,25.6,100,118,,morrima02
512,Furkan Korkmaz,25,PHI,SG,37,0,353,6.7,15.6,0.432,2.5,6.5,0.391,4.2,9.1,0.462,0.514,3.6,5.1,0.722,0.8,5.1,5.9,3.1,1.4,0.4,3.4,2.5,19.6,100,115,,korkmfu01
513,Richaun Holmes,29,SAC,C,42,1,348,7.6,12.2,0.618,0.7,1.1,0.625,6.9,11.1,0.617,0.646,2.1,2.6,0.789,4,7,11,1.2,0.4,1.5,1.9,6.9,17.9,127,118,,holmeri01
514,A.J. Green,23,MIL,SG,35,1,345,7.3,17.3,0.424,6.1,14.5,0.419,1.2,2.8,0.45,0.6,0.6,0.6,1,0.8,5.4,6.2,3,0.8,0,1.2,4.3,21.3,121,115,,greenaj01
515,Davon Reed,27,2TM,SG,43,1,342,4,12,0.333,2.4,6.6,0.37,1.6,5.4,0.289,0.435,2.3,3.4,0.667,1.4,7,8.4,3.3,2.1,0.6,2.9,5.6,12.7,93,113,,reedda01
516,Davon Reed,27,DEN,SG,35,1,315,3.9,12.4,0.313,2.5,6.8,0.364,1.4,5.6,0.25,0.413,2.3,3.1,0.75,1.4,7.1,8.5,3,2,0.6,3.1,5.6,12.6,89,113,,reedda01
517,Davon Reed,27,LAL,SG,8,0,27,5.3,7,0.75,1.8,3.5,0.5,3.5,3.5,1,0.875,1.8,7,0.25,1.8,5.3,7,7,3.5,0,0,5.3,14,155,111,,reedda01
518,Jae Crowder,32,MIL,PF,18,3,340,6.3,13.2,0.479,3.4,7.7,0.436,2.9,5.5,0.538,0.606,1.4,1.7,0.833,2.4,7.3,9.7,3.8,1.7,0.8,1,3.8,17.4,133,111,,crowdja01
519,Derrick Rose,34,NYK,PG,27,0,338,8.9,23.2,0.384,2.8,9.2,0.302,6.1,14,0.438,0.443,1.6,1.8,0.917,1.2,4.7,5.8,6.7,1,0.7,3.2,2.6,22.2,99,117,,rosede01
520,McKinley Wright IV,24,DAL,PG,27,1,335,6.8,14.5,0.469,1.3,4.2,0.321,5.5,10.4,0.529,0.515,1.9,2.8,0.684,1.3,5.6,7,8.6,1.2,0.7,2.8,3.6,16.9,113,118,,wrighmc01
521,Theo Pinson,27,DAL,SG,40,1,323,4.8,13.4,0.356,3.4,9.5,0.355,1.4,3.8,0.36,0.483,1.7,2,0.846,1.5,8.2,9.7,7.1,0.9,0.2,1.8,5.2,14.6,114,117,,pinsoth01
522,Julian Champagnie,21,2TM,SF,17,3,320,8.7,19.2,0.454,4.9,12.1,0.402,3.8,7.1,0.542,0.581,2.1,2.5,0.824,1.5,7.4,8.9,1.5,0.9,0.7,1.6,3.8,24.4,115,121,,champju02
523,Julian Champagnie,21,PHI,SF,2,0,7,0,14.2,0,0,7.1,0,0,7.1,0,0,0,0,,0,0,0,0,7.1,0,0,0,0,0,106,,champju02
524,Julian Champagnie,21,SAS,SF,15,3,313,8.9,19.3,0.461,5,12.2,0.407,3.9,7.1,0.553,0.59,2.1,2.6,0.824,1.5,7.5,9.1,1.5,0.8,0.8,1.7,3.9,24.9,116,121,,champju02
525,Matt Ryan,25,2TM,SF,34,0,310,6.1,16.5,0.37,4.9,12.9,0.381,1.2,3.7,0.333,0.519,1.5,1.8,0.833,0.6,3.4,4,2.4,0.8,0.2,1.1,4.1,18.7,109,119,,ryanma01
526,Matt Ryan,25,LAL,SF,12,0,129,5.5,18,0.306,4.8,12.9,0.371,0.7,5.1,0.143,0.439,1.5,1.8,0.8,0.7,4.4,5.1,1.5,0.7,0,1.1,5.1,17.3,95,118,,ryanma01
527,Matt Ryan,25,MIN,SF,22,0,181,6.6,15.5,0.424,5,12.9,0.388,1.6,2.6,0.6,0.585,1.6,1.8,0.857,0.5,2.6,3.1,3.1,0.8,0.3,1,3.4,19.7,120,119,,ryanma01
528,Robin Lopez,34,CLE,C,37,2,299,8.1,12.6,0.64,0.3,0.7,0.5,7.7,11.9,0.648,0.653,2.3,3,0.778,3.9,4.7,8.6,3.2,0.3,1.3,4.2,7.2,18.8,114,114,,lopezro01
529,Moses Brown,23,2TM,C,36,1,294,10.2,16,0.635,0,0,,10.2,16,0.635,0.635,5.5,12,0.458,9.5,13.7,23.2,0.7,0.7,2.3,2.5,6.5,25.8,123,111,,brownmo01
530,Moses Brown,23,LAC,C,34,1,288,10.4,16.3,0.635,0,0,,10.4,16.3,0.635,0.635,5.6,12.2,0.458,9.7,13.9,23.6,0.7,0.5,2.4,2.4,6.5,26.4,124,111,,brownmo01
531,Moses Brown,23,BRK,C,2,0,6,0,0,,0,0,,0,0,,,0,0,,0,0,0,0,8.1,0,8.1,8.1,0,0,105,,brownmo01
532,Nathan Knight,25,MIN,C,38,0,291,7.5,13.2,0.568,1.3,3.6,0.364,6.2,9.6,0.644,0.617,6.4,9.3,0.684,3.6,5.6,9.1,2.1,1.6,1,3.4,6.7,22.7,118,114,,knighna01
533,Kennedy Chandler,20,MEM,PG,36,0,281,5.9,14,0.422,0.3,2.5,0.133,5.6,11.5,0.485,0.434,1,2.2,0.462,1.5,4.9,6.4,9.8,2,0.8,3,2.5,13.2,101,112,,chandke01
534,Dalano Banton,23,TOR,PG,31,2,279,9.7,23,0.423,2.7,9,0.294,7.1,14,0.506,0.481,3,4.3,0.708,1.9,6,8,6.4,2.3,2.3,3.2,6,25.2,105,112,,bantoda01
535,Trent Forrest,24,ATL,SG,23,3,277,4.3,10.3,0.417,0,0.3,0,4.3,10,0.431,0.417,0.3,0.5,0.667,0.9,5.5,6.4,6.5,1.2,0.3,2.6,2.9,8.9,93,118,,forretr01
536,Bryn Forbes,29,MIN,SG,25,0,268,5.3,14.7,0.361,2.5,8.2,0.304,2.8,6.6,0.432,0.446,2.7,2.7,1,0.7,1.9,2.7,3,1.2,0.4,2.1,3.9,15.8,99,118,,forbebr01
537,Terry Taylor,23,2TM,PF,31,2,264,7,13.5,0.52,0.9,3.4,0.263,6.1,10.1,0.607,0.553,1.1,2,0.545,4.9,3.6,8.5,1.8,0.5,1.1,1.6,4.7,16.1,115,121,,taylote01
538,Terry Taylor,23,IND,PF,26,2,228,6.2,13.5,0.462,0.8,3.7,0.222,5.4,9.8,0.553,0.492,1,1.5,0.714,4.6,3.5,8.1,2.1,0.6,1,1.9,5,14.4,108,122,,taylote01
539,Terry Taylor,23,CHI,PF,5,0,36,12.2,13.5,0.9,1.4,1.4,1,10.8,12.2,0.889,0.95,1.4,5.4,0.25,6.8,4.1,10.8,0,0,1.4,0,2.7,27.1,171,117,,taylote01
540,Jeff Dowtin,25,TOR,PG,25,0,259,4.8,10.9,0.439,1,3.1,0.313,3.8,7.8,0.488,0.482,1.1,1.7,0.667,1.1,3.2,4.4,5.9,1.7,0.6,1,2.5,11.6,118,117,,dowtije01
541,KZ Okpala,23,SAC,PF,35,3,248,3.1,7.3,0.421,1.4,4.1,0.333,1.7,3.3,0.529,0.513,1.4,1.5,0.875,1.4,5.2,6.6,2.5,1.4,1.4,1.4,7.5,8.9,113,117,,okpalkz01
542,Brandon Boston Jr.,21,LAC,SF,22,1,248,10.1,24.1,0.418,2.4,5.7,0.414,7.7,18.4,0.419,0.467,5.7,7.5,0.763,1.4,4.5,5.9,4,1.8,0,2.4,4.1,28.2,105,116,,bostobr01
543,Luka Garza,24,MIN,C,28,0,243,12.3,22.7,0.543,2.7,7.6,0.359,9.6,15.1,0.636,0.603,8,10.2,0.788,6.5,5.9,12.3,3.5,0.6,0.4,2.7,8.4,35.4,130,117,,garzalu01
544,Jamal Cain,23,MIA,PF,18,0,240,7.7,13.7,0.561,1.5,4.2,0.35,6.2,9.6,0.652,0.614,3.5,4.6,0.773,3.1,7.7,10.8,2.5,2.3,0.2,1.2,4.4,20.4,131,112,,cainja01
545,Kira Lewis Jr.,21,NOP,PG,25,0,235,8.2,18.1,0.455,3.1,7,0.441,5.2,11.1,0.463,0.54,3.9,4.5,0.864,1,5.8,6.8,4.7,2.1,0.4,2.1,4.9,23.5,118,113,,lewiski01
546,Frank Kaminsky,29,2TM,C,36,0,235,6.3,12.8,0.492,2.6,6.7,0.394,3.7,6.1,0.6,0.595,2.9,3.3,0.875,1.4,9.2,10.6,6.5,1.2,0.8,1.8,4.5,18.1,131,116,,kaminfr01
547,Frank Kaminsky,29,ATL,C,26,0,176,6.8,11.9,0.568,3,6.2,0.478,3.8,5.7,0.667,0.693,2.7,3.3,0.833,0.8,8.9,9.8,5.7,1.4,0.3,2.4,5.7,19.2,133,116,,kaminfr01
548,Frank Kaminsky,29,HOU,C,10,0,59,4.9,15.6,0.316,1.6,8.2,0.2,3.3,7.4,0.444,0.368,3.3,3.3,1,3.3,9.9,13.1,9,0.8,2.5,0,0.8,14.8,126,117,,kaminfr01
549,Johnny Juzang,21,UTA,SG,18,0,232,7.2,21.4,0.337,3.1,13,0.238,4.1,8.4,0.488,0.409,0.4,0.8,0.5,1.6,6.4,8,1.6,0.8,0.6,0.6,2.7,17.9,93,119,,juzanjo01
550,David Duke Jr.,23,BRK,SG,23,0,228,7.7,16.7,0.462,0.2,2.6,0.083,7.5,14.1,0.53,0.468,2.6,3.6,0.706,2.4,3.9,6.2,4.5,2.1,0.2,3.9,6.6,18.2,96,116,,dukeda01
551,Patrick Baldwin Jr.,20,GSW,SF,31,0,226,9,22.8,0.394,6.7,17.6,0.381,2.3,5.2,0.44,0.541,0.8,1.3,0.667,0.2,8.2,8.4,2.3,1.3,0.8,2.3,2.9,25.5,101,114,,baldwpa01
552,John Butler,20,POR,C,19,1,221,3.7,11.7,0.321,1.8,7.7,0.229,2,4,0.5,0.396,0.7,0.9,0.75,0.7,3.1,3.7,2.4,1.5,2,0.2,4.8,9.9,97,119,,butlejo01
553,Cody Zeller,30,MIA,C,15,2,217,8.5,13.6,0.627,0,0.5,0,8.5,13.1,0.649,0.627,5.5,8,0.686,5.7,9,14.7,2.3,0.7,0.9,3.2,7.6,22.5,124,114,,zelleco01
554,Dalen Terry,20,CHI,SG,38,0,214,7.3,16.4,0.444,1.6,6.1,0.259,5.7,10.2,0.556,0.493,3.2,4.8,0.667,2.7,5.7,8.4,5,2.5,1.1,1.8,5.5,19.3,112,110,,terryda01
555,Matthew Dellavedova,32,SAC,PG,32,0,213,3.8,11.2,0.34,2,6.1,0.333,1.8,5.2,0.348,0.43,0.9,1.6,0.571,0.2,2.7,2.9,9.2,1.6,0,2.2,4.5,10.6,105,119,,dellama01
556,Thanasis Antetokounmpo,30,MIL,PF,37,0,206,4.6,10.7,0.435,0,1.9,0,4.6,8.8,0.526,0.435,2.5,5.1,0.5,3.5,6.7,10.2,3.5,0.7,0.7,2.8,5.1,11.8,98,114,,antetth01
557,Nikola Jović,19,MIA,PF,15,8,204,6.8,16.9,0.406,2,8.6,0.229,4.9,8.3,0.588,0.464,4.4,4.6,0.947,2.2,5.4,7.6,2.4,1.7,0.5,2.4,4.6,20,105,114,,jovicni01
558,Jared Rhoden,23,DET,SG,14,0,198,4.2,10.8,0.386,1.2,4.9,0.25,2.9,5.9,0.5,0.443,1.5,1.5,1,2.7,6.4,9.1,1,1,0.2,0.7,5.6,11,108,121,,rhodeja01